repo,stars,releases,idade_anos,cbo,dit,lcom,loc,locComment
00-Evan/shattered-pixel-dungeon,5504,30,11.14,6.342164179104477,2.848507462686567,13.916791044776119,59.25559701492537,0
1024-lab/smart-admin,3519,22,5.85,6.414335664335664,1.2272727272727273,3.7902097902097904,22.5,0
201206030/novel-plus,4259,30,5.39,6.47921760391198,1.2102689486552567,46.62836185819071,37.42053789731052,0
201206030/novel,5456,12,5.86,4.415841584158416,1.0693069306930694,20.485148514851485,22.495049504950494,0
2227324689/gpmall,5000,0,6.18,4.97877358490566,1.3608490566037736,8.169811320754716,20.90801886792453,0
527515025/springBoot,6703,0,8.87,5.087121212121212,1.1477272727272727,15.496212121212121,23.674242424242426,0
648540858/wvp-GB28181-pro,6276,1,4.85,8.230974632843791,1.295060080106809,35.12950600801068,62.93591455273698,0
981011512/--,4619,0,5.25,3.541921483527323,2.910830538567765,440.4263168277767,66.69461432235155,0
aa112901/remusic,6359,0,9.5,5.190532544378698,1.4532544378698224,41.646153846153844,56.55147928994083,0
abel533/Mapper,7370,8,10.84,5.056768558951965,1.24235807860262,36.1768558951965,41.7117903930131,0
Activiti/Activiti,10426,30,13.02,5.8018784854710885,1.5309656589374816,89.4109186968007,45.664220722042856,0
aeron-io/aeron,8117,30,11.62,7.830921553693831,1.2985529322162985,113.66031987814166,93.45696877380045,0
ageerle/ruoyi-ai,3894,6,1.68,6.375455650060753,1.2831105710814095,13.326852976913731,31.641555285540704,0
airbnb/DeepLinkDispatch,4407,24,10.28,6.2,1.48,88.64,341.96,0
airbnb/epoxy,8561,30,9.12,6.878688524590164,1.8262295081967213,138.77377049180328,70.96065573770491,0
airbnb/lottie-android,35477,30,8.96,6.897610921501706,1.286689419795222,33.41296928327645,61.0580204778157,0
alamkanak/Android-Week-View,3450,4,11.01,3.6296296296296298,1.2592592592592593,238.33333333333334,74.18518518518519,0
alibaba/Alink,3609,22,6.98,6.437721549932771,1.62657376848796,34.70272582813837,58.1343356557878,0
alibaba/ARouter,14493,16,8.77,3.693877551020408,1.4081632653061225,17.448979591836736,32.295918367346935,0
alibaba/arthas,36731,30,7.06,4.734243697478991,1.35609243697479,36.66386554621849,50.21533613445378,0
alibaba/atlas,8151,7,8.56,5.638559708295351,1.4357338195077485,29.88422971741112,71.79307201458523,0
alibaba/canal,29379,30,12.69,5.814108674928503,1.3803622497616779,77.35653002859867,107.33079122974262,0
alibaba/COLA,12659,11,7.62,4.3291592128801435,1.3273703041144902,4.974955277280858,17.207513416815743,0
alibaba/DataX,16821,7,7.67,4.495908346972176,1.7152209492635024,22.648936170212767,66.44353518821605,0
alibaba/dexposed,4531,0,10.23,2.9166666666666665,1.6944444444444444,82.83333333333333,67.05555555555556,0
alibaba/druid,28194,30,13.89,5.08991265627676,1.9424558999828738,230.30244904949478,58.199177941428324,0
alibaba/easyexcel,33632,14,7.62,6.632142857142857,1.375,32.025,36.6875,0
alibaba/fastjson2,4154,30,3.43,2.644039211552651,1.1854116158954358,284.10403710340466,43.45030041108886,0
alibaba/fastjson,25748,30,13.89,1.8523786944839575,1.5043464517148728,126.12122648964754,32.63726884779516,0
alibaba/freeline,5458,22,9.13,3.740740740740741,1.6074074074074074,13.866666666666667,39.681481481481484,0
alibaba/jetcache,5476,30,8.44,6.033632286995516,1.6367713004484306,15.908071748878923,40.40582959641256,0
alibaba/jstorm,3891,22,12.05,5.037664307381193,1.455510616784631,42.374115267947424,74.90293225480283,0
alibaba/jvm-sandbox,6924,13,8.13,3.4827586206896552,1.3264367816091953,12.360919540229885,33.11954022988506,0
alibaba/nacos,32061,30,7.27,5.709018435475834,1.289237668161435,23.128550074738417,46.232436472346784,0
alibaba/otter,8128,10,12.12,4.594907407407407,1.4537037037037037,32.454475308641975,52.594907407407405,0
alibaba/QLExpress,5247,18,8.52,5.866666666666666,1.4090909090909092,38.99393939393939,37.263636363636365,0
alibaba/Tangram-Android,4107,30,8.48,5.2595818815331015,1.6777003484320558,23.21080139372822,42.400696864111495,0
alibaba/transmittable-thread-local,8133,30,11.94,5.587096774193548,1.4322580645161291,12.35483870967742,44.72258064516129,0
alibaba/UltraViewPager,4978,10,8.48,5.208333333333333,1.375,58.375,63.25,0
alibaba/vlayout,10774,30,8.56,5.314465408805032,1.8553459119496856,72.54088050314465,88.31446540880503,0
alipay/SoloPi,6045,8,6.52,4.623076923076923,1.205982905982906,13.135897435897435,48.14273504273504,0
allure-framework/allure2,4863,30,9.32,6.059479553903346,1.304832713754647,11.602230483271375,29.966542750929367,0
Alluxio/alluxio,7070,30,12.75,6.906630245840576,1.4834864663521232,30.658803079215296,62.68909858455426,0
amirzaidi/Launcher3,3885,22,8.31,7.240404040404041,1.4747474747474747,63.68080808080808,60.73737373737374,0
amitshekhariitbhu/Android-Debug-Database,8562,14,8.84,4.147540983606557,1.278688524590164,8.80327868852459,39.22950819672131,0
amitshekhariitbhu/android-interview-questions,12086,0,8.2,0.0,1.0,0.0,5.0,0
amitshekhariitbhu/Fast-Android-Networking,5843,10,9.5,3.219130434782609,1.2504347826086957,13.768695652173912,34.08,0
amitshekhariitbhu/from-java-to-kotlin,6293,0,8.34,0.5,1.0,0.0,18.5,0
amitshekhariitbhu/RxJava2-Android-Samples,4940,0,9.07,3.6648648648648647,1.2540540540540541,6.286486486486487,21.57837837837838,0
amlcurran/ShowcaseView,5579,13,13.1,5.384615384615385,1.4,17.815384615384616,32.09230769230769,0
andkulikov/Transitions-Everywhere,4805,23,10.94,6.870466321243524,1.6787564766839378,25.72020725388601,49.145077720207254,0
andOTP/andOTP,3742,30,8.21,6.108433734939759,1.5,41.41566265060241,50.86144578313253,0
andremion/Music-Player,3521,2,9.38,4.40625,1.75,5.03125,28.9375,0
android-async-http/android-async-http,10630,3,14.59,5.662337662337662,1.7857142857142858,45.87662337662338,49.48051948051948,0
android-hacker/VirtualXposed,15828,30,7.81,3.947006194081211,2.792842395044735,14.695801789401239,32.85340674466621,0
android10/Android-CleanArchitecture,15566,0,11.09,5.142857142857143,1.4285714285714286,6.723809523809524,21.523809523809526,0
androidannotations/androidannotations,11036,0,13.71,5.95742471443406,1.6832814122533748,26.09865005192108,29.906542056074766,0
android/testing-samples,9277,0,10.95,5.5,1.3488372093023255,3.1511627906976742,21.5,0
android/views-widgets-samples,5161,0,6.04,4.019736842105263,1.730263157894737,7.0131578947368425,48.31578947368421,0
Angel-ML/angel,6776,19,8.41,7.424815983175605,1.7392218717139853,63.41955835962145,107.81598317560463,0
anggrayudi/android-hidden-api,3535,2,10.02,8.0,1.0,56.5,119.5,0
angryip/ipscan,4592,30,14.24,4.986945169712794,1.6657963446475197,4.151436031331593,32.89295039164491,0
ant-media/Ant-Media-Server,4519,30,8.56,5.716568544995795,1.3254835996635828,183.49116904962153,90.35996635828427,0
AntennaPod/AntennaPod,7259,30,13.15,7.420537897310513,1.4841075794621026,21.410757946210268,63.28361858190709,0
antlr/antlr4,18356,30,15.63,5.7734138972809665,1.8353474320241692,48.30211480362538,61.97432024169184,0
antoniolg/androidmvp,5918,0,11.47,3.2857142857142856,1.2857142857142858,3.0,19.571428571428573,0
Anuken/Mindustry,24825,30,8.39,,,,,0
aosp-mirror/platform_frameworks_base,10769,0,16.92,7.311960226544681,1.7263012224186975,2199.6508546679993,106.74429153532714,0
apache/beam,8299,30,9.64,7.416286524472938,1.53464431019603,19.621686598446555,44.839169029712735,0
apache/calcite,4938,0,11.24,7.6589943342776206,1.7037889518413598,383.92067988668555,65.0132790368272,0
apache/cassandra,9374,0,16.34,6.823441081166521,1.7696198529992888,59.14818620090097,58.78352959772386,0
apache/druid,13829,30,12.91,7.861071979606896,1.3766686791440264,62.0961964177903,51.30703696250084,0
apache/flink-cdc,6227,22,5.15,8.315677966101696,1.46239406779661,30.02542372881356,61.14036016949152,0
apache/fory,3455,30,2.4,5.30993745656706,2.200833912439194,38.390548992355804,54.78179291174427,0
apache/groovy,5364,0,10.44,5.235210768685795,2.1409847679773293,419.4293304994687,71.70527807297202,0
apache/hbase,5393,30,11.33,8.171279826464207,1.4970932754880695,69.470715835141,82.0690672451193,0
apache/hertzbeat,6616,6,3.62,7.0563961485557085,1.266162310866575,10.429848693259972,42.60935350756534,0
apache/hive,5794,0,16.34,6.899769189215735,1.4131513038353878,94.11692776113539,98.55630309875755,0
apache/hudi,5940,30,8.77,9.198463227222833,1.5800219538968168,60.157409440175634,66.83600439077937,0
apache/iceberg,7981,30,6.84,8.588817961699318,1.6784063394232887,36.330618534008366,68.96015848558221,0
apache/ignite,4985,0,10.59,5.626560349328397,1.6541364089420476,494.3936589301818,53.6655750154255,0
apache/incubator-heron,3621,30,9.99,5.6985074626865675,1.4662686567164178,20.748059701492537,42.06865671641791,0
apache/incubator-seata,25808,30,6.73,6.56140350877193,1.8171600877192982,520.9747807017544,64.14172149122807,0
apache/iotdb,6155,30,6.82,8.229979229171475,1.6091622432494808,106.81110085391184,87.1080083083314,0
apache/jmeter,9005,10,15.33,5.494473531122746,1.9988365328679465,62.117510180337405,74.09191390343223,0
apache/kafka,30929,0,14.1,7.787889518413598,1.4356704438149197,63.10528800755429,79.66076487252124,0
apache/logging-log4j2,3522,15,12.28,5.497235961594414,1.5132382892057026,46.12743671806808,48.785568810008726,0
apache/maven,4766,26,16.34,5.494550408719346,1.5419618528610355,46.18528610354223,44.668119891008175,0
apache/pinot,5902,21,11.34,7.3558577702224115,1.5091372715682108,52.592010199745005,79.0988808613118,0
apache/pulsar,14859,30,9.23,6.876773408998784,1.7070666126199163,85.40008107012567,70.41116065396568,0
apache/rocketmq-externals,4608,0,8.52,5.749090909090909,1.250909090909091,16.45090909090909,42.89090909090909,0
apache/rocketmq,22098,22,8.81,6.880377754459602,1.3315844700944386,121.83595662819168,75.36341378104233,0
apache/seatunnel,8789,30,8.13,6.7976915005246585,1.3668415529905562,31.082476390346276,55.147534102833156,0
apache/shardingsphere-elasticjob,8211,30,10.03,5.4630872483221475,1.1543624161073827,3.192953020134228,26.151006711409394,0
apache/shiro,4402,14,16.07,5.0244140625,1.7861328125,19.7197265625,35.86328125,0
apache/storm,6653,5,11.88,5.322014585232452,1.2167274384685507,48.81882406563355,81.85323609845032,0
apache/tomcat,7952,0,13.98,4.512952258616998,1.813102119460501,179.68486405480624,76.18732605437808,0
apache/zeppelin,6561,0,10.5,5.556241101091599,1.2567631703844329,43.072140484100615,90.36260085429521,0
apache/zookeeper,12599,0,16.49,5.671420422133486,2.0051340559041644,36.861950941243585,69.85054192812322,0
apereo/cas,11196,30,14.04,9.202514743518416,1.4970512963169023,7.812729498164015,25.404250584177145,0
apolloconfig/apollo,29655,30,9.55,7.26729986431479,1.2645861601085482,14.985074626865671,45.45318860244233,0
aporter/coursera-android,4263,0,11.71,4.233552631578948,1.488486842105263,3.3585526315789473,29.875,0
apple/pkl,10856,16,1.67,6.29379225568531,4.379840196681008,28.83958205285802,38.46220036877689,0
arduino/Arduino,14428,30,15.01,3.8533333333333335,1.6444444444444444,32.72222222222222,57.31777777777778,0
arimorty/floatingsearchview,3534,0,9.83,3.5703703703703704,1.1777777777777778,26.28148148148148,30.88888888888889,0
aritraroy/UltimateAndroidReference,8105,0,8.45,1.0,1.0,0.0,22.0,0
ArthurHub/Android-Image-Cropper,6424,30,10.68,7.725,1.375,70.375,116.375,0
AsamK/signal-cli,3749,30,10.37,6.969450101832994,1.5763747454175152,48.30346232179226,54.87372708757638,0
ashishps1/awesome-leetcode-resources,13234,0,1.9,1.1818181818181819,1.0,4.7272727272727275,32.72727272727273,0
ashishps1/awesome-low-level-design,18053,0,1.84,2.628787878787879,1.1388888888888888,3.051767676767677,18.4229797979798,0
ashishps1/awesome-system-design-resources,26060,0,1.9,0.8181818181818182,1.0,0.0,30.545454545454547,0
Ashok-Varma/BottomNavigation,4364,16,9.51,7.533333333333333,1.4333333333333333,69.26666666666667,69.7,0
asLody/VirtualApp,10754,0,9.21,3.9387323943661974,2.5880281690140845,15.611267605633802,32.83380281690141,0
AsyncHttpClient/async-http-client,6391,7,14.55,5.804835924006908,1.5664939550949915,41.500863557858374,51.075993091537136,0
Atmosphere/atmosphere,3719,0,15.23,5.496626180836707,1.3076923076923077,55.02564102564103,49.473684210526315,0
aurelhubert/ahbottomnavigation,3829,14,9.52,5.108695652173913,1.173913043478261,57.47826086956522,50.84782608695652,0
auth0/java-jwt,6130,30,11.54,5.662790697674419,1.627906976744186,142.74418604651163,103.76744186046511,0
AutoMQ/automq,7062,30,2.09,7.190934660320208,1.4000432713111208,45.342492427520554,72.46257031588057,0
awaitility/awaitility,3960,0,15.67,3.176470588235294,1.1941176470588235,18.58235294117647,32.194117647058825,0
awangdev/leet-code,4360,0,10.41,2.0246913580246915,1.0,1.0864197530864197,26.037037037037038,0
awsdocs/aws-doc-sdk-examples,10208,0,9.09,7.039450089659295,1.0400478182904962,6.187089061566049,48.92169754931261,0
aws/aws-sdk-java,4178,0,15.5,6.996019496822065,1.2052869548856708,123.24976628507929,50.57357463296468,0
AxonFramework/AxonFramework,3491,30,13.81,6.4720480668756535,1.284221525600836,16.118599791013583,37.59639498432602,0
azkaban/azkaban,4515,30,12.93,6.472330475448168,1.3522992985190958,35.84021823850351,73.13873733437256,0
baidu/uid-generator,5561,0,8.49,2.88,1.28,11.72,34.92,0
baomidou/dynamic-datasource,5048,18,7.4,5.112359550561798,1.1404494382022472,2.359550561797753,29.814606741573034,0
baomidou/mybatis-plus,17106,30,9.09,5.911708253358925,1.3320537428023032,25.073896353166987,37.49616122840691,0
baoyongzhang/SwipeMenuListView,3504,2,11.08,4.393939393939394,1.4545454545454546,15.242424242424242,40.81818181818182,0
Baseflow/PhotoView,18871,5,13.18,4.733333333333333,1.3555555555555556,24.6,39.82222222222222,0
bazelbuild/bazel,24571,30,11.28,7.5130059160484555,1.620903371208564,67.99117288008264,55.17597896516105,0
Bearded-Hen/Android-Bootstrap,7268,5,11.89,6.962025316455696,1.6708860759493671,31.39240506329114,131.50632911392404,0
beemdevelopment/Aegis,11140,30,9.1,7.447136563876652,1.7092511013215859,22.865638766519822,52.909691629955944,0
ben-manes/caffeine,17044,30,10.78,4.9109281437125745,1.5875748502994012,163.1691616766467,63.6938622754491,0
bepass-org/oblivion,4619,12,1.61,5.637931034482759,1.4827586206896552,11.620689655172415,45.53448275862069,0
Bigkoo/Android-PickerView,13481,0,10.73,3.7252747252747254,1.1538461538461537,15.494505494505495,48.582417582417584,0
bilibili/DanmakuFlameMaster,9600,5,12.12,5.162790697674419,1.6104651162790697,47.50581395348837,74.87790697674419,0
bilibili/MagicaSakura,3554,3,9.25,8.297619047619047,1.6785714285714286,25.44047619047619,63.892857142857146,0
binarywang/WxJava,31930,30,9.71,5.505209357184981,1.2134853548260272,20.32062119127187,22.203852958521722,0
bingoogolapple/BGABanner-Android,4178,0,10.91,5.0,1.5849056603773586,26.28301886792453,40.056603773584904,0
bingoogolapple/BGARefreshLayout-Android,4308,4,10.32,5.148148148148148,1.4074074074074074,9.796296296296296,33.641975308641975,0
binIoter/GuideView,3954,0,9.26,3.742857142857143,1.3714285714285714,8.228571428571428,35.6,0
bisq-network/bisq,4955,30,11.53,7.495827725437416,1.7499327052489906,30.01749663526245,48.10686406460296,0
bitcoin-wallet/bitcoin-wallet,3994,0,13.48,7.532299741602067,1.7131782945736433,5.41343669250646,47.49095607235142,0
bitcoinj/bitcoinj,5139,14,11.84,7.163723916532906,1.7303370786516854,89.23595505617978,73.87800963081862,0
bjmashibing/InternetArchitect,4274,0,5.92,4.739507959479016,1.1562952243125904,63.769898697539794,64.54992764109986,0
Blankj/AndroidUtilCode,33644,30,9.14,4.16865671641791,1.364179104477612,144.95373134328358,59.69402985074627,0
Blankj/awesome-java-leetcode,8712,0,8.43,1.6805555555555556,1.0,1.1666666666666667,24.61111111111111,0
blossom-editor/blossom,3613,19,2.12,5.724137931034483,1.3448275862068966,6.977011494252873,30.724137931034484,0
bluelinelabs/Conductor,3908,30,9.52,5.476744186046512,1.3488372093023255,71.33720930232558,62.616279069767444,0
BoltsFramework/Bolts-Android,4011,11,11.64,3.0,1.0886075949367089,19.0126582278481,32.55696202531646,0
booklore-app/booklore,4545,30,0.76,7.946735395189004,1.0378006872852235,11.587628865979381,38.38316151202749,0
brettwooldridge/HikariCP,20722,0,11.96,4.383783783783784,1.2864864864864864,172.67027027027027,61.96756756756757,0
brianfrankcooper/YCSB,5138,30,15.43,7.0508474576271185,1.6355932203389831,7.851694915254237,94.89406779661017,0
brianway/java-learning,4272,0,9.62,1.0849933598937582,1.2868525896414342,0.5962815405046481,14.586985391766268,0
btraceio/btrace,5961,30,11.07,4.912760416666667,1.3033854166666667,92.54427083333333,53.3671875,0
bumptech/glide,34950,30,12.21,5.978303747534516,1.2373438527284681,19.913214990138066,40.12228796844182,0
bytedeco/javacpp,4642,13,11.42,5.911627906976745,2.0093023255813955,151.13953488372093,125.70232558139534,0
bytedeco/javacv,8125,13,11.42,6.125560538116592,2.1300448430493275,133.99103139013454,120.90582959641256,0
ByteLegend/ByteLegend,3717,0,4.63,6.979661016949152,1.0033898305084745,727.8440677966101,352.6508474576271,0
cabaletta/baritone,8160,30,7.14,6.6976744186046515,1.386892177589852,22.11416490486258,47.19661733615222,0
CaffeineMC/sodium,5272,30,5.64,6.129323308270677,1.4390977443609023,13.581954887218044,39.40902255639098,0
CalebFenton/simplify,4584,9,11.68,7.916398713826367,1.4019292604501608,20.742765273311896,68.0064308681672,0
CameraKit/blurkit-android,3767,3,8.87,6.1,1.5,30.3,49.7,0
camunda/camunda,3804,30,9.51,7.178338378742011,1.396770938446014,28.674806592667338,41.35660948536832,0
careercup/CtCI-6th-Edition,11463,0,10.22,2.12807881773399,1.0689655172413792,4.482758620689655,34.635467980295566,0
careercup/ctci,5147,0,12.5,1.9581993569131833,1.1189710610932475,5.096463022508039,36.154340836012864,0
CarGuo/GSYVideoPlayer,21114,30,8.85,5.485849056603773,1.5754716981132075,55.355345911949684,50.20125786163522,0
castorflex/SmoothProgressBar,4520,9,11.82,4.854166666666667,1.2291666666666667,26.3125,46.0,0
cats-oss/android-gpuimage,9130,0,12.97,2.9607843137254903,2.156862745098039,11.300653594771243,41.44444444444444,0
CellularPrivacy/Android-IMSI-Catcher-Detector,5100,30,11.83,5.059760956175299,1.3306772908366533,4.964143426294821,48.49003984063745,0
CeuiLiSA/Pixiv-Shaft,5910,30,6.47,4.801548886737657,1.4491771539206195,25.08809293320426,34.874152952565346,0
cglib/cglib,4878,15,11.48,3.216867469879518,1.5321285140562249,261.7971887550201,35.48192771084337,0
ChadCSong/ShineButton,4215,2,9.21,4.833333333333333,1.625,23.625,41.166666666666664,0
charles2gan/GDA-android-reversing-Tool,4561,30,7.89,2.5625,1.0,57.375,35.4375,0
checkstyle/checkstyle,8675,30,12.06,,,,,0
chentao0707/SimplifyReader,4566,0,10.1,4.136075949367089,1.379746835443038,60.29430379746835,54.91930379746835,0
chewiebug/GCViewer,4589,5,13.92,5.274914089347079,2.1649484536082473,49.044673539518904,70.2852233676976,0
chinabugotech/hutool,30081,30,11.44,3.5259789156626504,1.2827560240963856,102.20368975903614,49.61935240963855,0
chrisbanes/Android-PullToRefresh,8687,0,13.82,6.024390243902439,2.1341463414634148,55.84146341463415,43.5,0
chrisjenx/Calligraphy,8569,4,11.76,5.72,1.44,11.36,38.72,0
ChrisRM/material-theme-jetbrains,7791,17,10.0,4.330532212885154,2.2549019607843137,84.42296918767506,40.66386554621849,0
cinit/QAuxiliary,5245,30,3.64,7.658959537572255,1.325626204238921,42.227360308285164,80.11175337186899,0
citerus/dddsample-core,5201,0,10.64,7.089171974522293,1.127388535031847,7.031847133757962,29.547770700636942,0
cjlin1/libsvm,4660,0,12.03,3.264705882352941,1.3529411764705883,19.61764705882353,92.70588235294117,0
Clans/FloatingActionButton,5206,14,10.51,4.638297872340425,1.3829787234042554,139.68085106382978,59.680851063829785,0
claritylab/lucida,4800,0,11.36,5.914179104477612,1.544776119402985,23.51865671641791,86.6455223880597,0
clojure/clojure,10712,0,15.23,3.6030534351145036,1.495092693565976,130.39149400218102,51.11886586695747,0
code4craft/netty-learning,3558,0,12.01,5.063573883161512,1.6503436426116838,39.24914089347079,59.0713058419244,0
code4craft/tiny-spring,4081,0,11.7,3.0849056603773586,1.150943396226415,2.3679245283018866,14.556603773584905,0
code4craft/webmagic,11627,30,12.42,4.531976744186046,1.183139534883721,11.465116279069768,25.563953488372093,0
codecentric/spring-boot-admin,12689,30,11.16,7.762931034482759,1.2564655172413792,7.213362068965517,29.612068965517242,0
codeestX/GeekNews,3504,0,9.12,4.624145785876993,1.4464692482915718,10.009111617312072,27.195899772209568,0
CodePhiliaX/Chat2DB,24268,30,2.25,6.086124401913875,1.2660287081339714,16.489952153110046,33.665071770334926,0
coderbruis/JavaSourceCodeLearning,3668,0,5.3,2.854889589905363,1.2586750788643533,3.138801261829653,19.069400630914828,0
CoderLeixiaoshuai/java-eight-part,6796,0,4.93,,,,,0
codingapi/tx-lcn,4196,14,7.86,4.954954954954955,1.2117117117117118,6.337837837837838,35.009009009009006,0
CodingDocs/springboot-guide,5252,0,6.81,4.115107913669065,1.1798561151079137,1.3525179856115108,10.949640287769784,0
Col-E/Recaf,6658,30,8.15,8.497392438070404,1.604302477183833,26.962190352020862,46.94719687092569,0
commonsguy/cw-omnibus,5349,30,13.53,5.328703703703703,1.7829218106995885,20.0761316872428,36.583847736625515,0
conductor-oss/conductor,29219,26,1.78,7.787335722819594,1.2712066905615294,91.49223416965353,76.26164874551971,0
coobird/thumbnailator,5328,0,10.16,4.062780269058296,1.2376681614349776,93.55156950672645,87.7085201793722,0
crate/crate,4297,30,12.45,7.5714474728764225,1.6421010849431066,48.889124106906586,58.01720031754432,0
crazycodeboy/react-native-splash-screen,5660,12,9.02,3.4166666666666665,1.25,2.0,20.5,0
crazycodeboy/TakePhoto,7243,15,10.13,5.054545454545455,1.2545454545454546,10.89090909090909,43.69090909090909,0
Creators-of-Create/Create,3691,0,6.18,10.752369668246445,1.8088467614533965,27.795418641390206,59.455766192733016,0
crossoverJie/cim,9443,9,7.34,4.881188118811881,1.2821782178217822,5.737623762376238,27.831683168316832,0
crossoverJie/JCSprout,27065,0,7.76,1.962962962962963,1.0925925925925926,1.7654320987654322,27.15432098765432,0
crossoverJie/SSM,3440,10,9.25,3.188073394495413,1.151376146788991,110.80275229357798,59.00917431192661,0
cryptomator/cryptomator,13650,30,11.64,8.316027088036117,1.4288939051918736,18.51241534988713,39.027088036117384,0
cSploit/android,3503,30,10.97,4.208984375,1.517578125,15.65234375,44.251953125,0
Curzibn/Luban,13678,6,9.16,2.9655172413793105,1.1724137931034482,10.862068965517242,37.51724137931034,0
cymcsg/UltimateRecyclerView,7203,9,10.65,5.214659685863874,1.693717277486911,41.39267015706806,42.102094240837694,0
daimajia/AndroidImageSlider,5617,5,11.31,4.063492063492063,1.5714285714285714,59.095238095238095,60.523809523809526,0
daimajia/AndroidSwipeLayout,12407,18,11.08,3.7162162162162162,1.3243243243243243,58.9054054054054,37.432432432432435,0
daimajia/AndroidViewAnimations,12472,9,11.25,3.3780487804878048,1.8048780487804879,2.292682926829268,11.768292682926829,0
daimajia/NumberProgressBar,6106,3,11.39,3.1666666666666665,1.3333333333333333,91.83333333333333,63.333333333333336,0
danielzeller/Depth-LIB-Android-,4543,0,9.4,3.787037037037037,1.212962962962963,13.351851851851851,34.916666666666664,0
danikula/AndroidVideoCache,5497,20,10.48,4.8311688311688314,1.4935064935064934,14.324675324675324,41.77922077922078,0
daniulive/SmarterStreaming,11113,0,9.49,3.8430232558139537,1.052325581395349,71.55232558139535,62.5,0
dariuszseweryn/RxAndroidBle,3517,30,9.63,5.373165618448637,1.3144654088050314,53.482180293501045,32.45073375262054,0
databricks/learning-spark,3896,0,11.27,2.827067669172932,1.0150375939849625,1.7969924812030076,17.25563909774436,0
dataease/dataease,21906,30,4.63,4.947224749772521,1.2074613284804367,27.770700636942674,38.89171974522293,0
DataLinkDC/dinky,3570,30,4.28,7.13053263315829,1.355588897224306,25.92948237059265,44.358589647411854,0
davemorrissey/subsampling-scale-image-view,7988,21,12.07,5.625,1.5833333333333333,79.72222222222223,59.19444444444444,0
davideas/FlexibleAdapter,3571,30,10.39,6.024539877300613,2.1134969325153374,102.30981595092024,48.62883435582822,0
dbeaver/dbeaver,45447,30,9.92,,,,,0
ddd-by-examples/library,5434,0,6.69,6.788617886178862,1.0406504065040652,5.430894308943089,14.390243902439025,0
deathmarine/Luyten,5083,17,12.2,2.3488372093023258,1.5426356589147288,15.449612403100776,52.325581395348834,0
debezium/debezium,11854,0,9.66,6.824104234527687,1.5839502517026947,55.712762807225346,62.210245780278356,0
deepjavalibrary/djl,4646,30,5.89,6.518007202881153,1.465186074429772,132.73049219687874,58.006002400960384,0
deeplearning4j/deeplearning4j,14101,0,11.82,8.43676133356853,2.1898041982713,54799.52337272888,98.47186452637149,0
dependency-check/DependencyCheck,7196,30,13.05,7.0772357723577235,1.8658536585365855,60.08943089430894,83.8109756097561,0
DerekYRC/mini-spring,6197,0,4.84,3.4093959731543624,1.221476510067114,5.080536912751678,16.590604026845636,0
Devlight/InfiniteCycleViewPager,5725,2,9.08,5.048780487804878,1.6341463414634145,102.53658536585365,86.92682926829268,0
Devlight/NavigationTabBar,4947,13,9.48,4.017241379310345,1.3103448275862069,57.5,43.758620689655174,0
dianping/cat,18937,3,12.8,5.378435517970401,1.43446088794926,23.035940803382665,51.79756871035941,0
didi/DoKit,20387,14,7.1,4.503505417463352,1.3205863607393244,71.76673040152964,51.293817718291905,0
didi/KnowStreaming,7143,23,5.51,7.19593147751606,1.8190578158458244,10.322269807280515,33.7441113490364,0
didi/VirtualAPK,9042,4,8.23,4.895705521472393,1.6134969325153374,17.57668711656442,48.96319018404908,0
diffplug/spotless,5087,30,10.4,4.986651835372636,1.74972191323693,13.7853170189099,40.657397107897665,0
Dimezis/BlurView,3804,30,9.42,5.9,1.5,7.0,31.0,0
DImuthuUpe/AndroidPdfViewer,8363,0,9.3,4.947368421052632,1.2456140350877194,76.78947368421052,58.3859649122807,0
dingjikerbo/Android-BluetoothKit,3674,0,9.96,4.074688796680498,1.2489626556016598,18.70124481327801,34.634854771784234,0
DingMouRen/LayoutManagerGroup,4992,0,7.4,4.9523809523809526,1.5714285714285714,9.142857142857142,36.26984126984127,0
dinuscxj/LoadingDrawable,4116,0,9.43,6.507692307692308,1.4461538461538461,15.830769230769231,68.12307692307692,0
discord-jda/JDA,4557,30,9.78,8.85107967237528,1.8227848101265822,127.26731198808638,46.47282204020849,0
DiUS/java-faker,4898,0,14.3,4.115555555555556,1.448888888888889,40.74666666666667,29.822222222222223,0
dm77/barcodescanner,5449,6,11.57,5.273972602739726,1.643835616438356,11.821917808219178,38.3013698630137,0
dmytrodanylyk/circular-progress-button,5772,3,11.29,3.9743589743589745,1.2820512820512822,25.333333333333332,36.64102564102564,0
Docile-Alligator/Infinity-For-Reddit,4924,30,7.15,6.933207309388784,1.551984877126654,30.850661625708884,59.96723377441714,0
Doikki/DKVideoPlayer,5230,30,8.45,5.326259946949602,1.5915119363395225,46.753315649867375,48.92838196286472,0
dongjunkun/DropDownMenu,3582,2,10.25,4.526315789473684,1.368421052631579,2.1578947368421053,27.0,0
doocs/advanced-java,78263,1,6.96,0.0,1.0,0.0,5.0,0
doocs/jvm,10974,0,7.25,0.0,1.0,0.0,5.0,0
doocs/leetcode,34960,21,7.01,2.567073170731707,1.0060975609756098,0.3353658536585366,26.914634146341463,0
doocs/source-code-hunter,22967,0,5.9,0.0,1.0,0.0,5.0,0
dragonwell-project/dragonwell8,4287,30,6.54,,,,,0
dreamhead/moco,4428,1,12.93,5.819757365684575,1.5389948006932408,34.65684575389948,30.40207972270364,0
DrKLO/Telegram,27547,30,11.91,6.837181498916536,1.6592692221475005,65.09437345886573,120.02727340656057,0
DroidPluginTeam/DroidPlugin,6960,2,10.07,3.3027989821882953,4.388040712468193,3.699745547073791,28.372773536895675,0
dromara/dynamic-tp,4581,19,3.7,4.842756183745583,1.2897526501766785,17.742049469964666,32.609540636042404,0
dromara/hmily,4143,0,7.98,5.3717217787913345,1.2200684150513113,10.645381984036488,31.36145952109464,0
dromara/lamp-cloud,5689,0,7.68,7.732926829268293,1.278048780487805,7.151219512195122,22.841463414634145,0
dromara/liteflow,3501,0,5.49,4.961832061068702,1.8030534351145038,15.00559796437659,21.66208651399491,0
dromara/Sa-Token,18163,30,5.63,4.512032085561497,1.2232620320855614,61.14572192513369,36.02005347593583,0
dropbox/hackpad,3555,0,10.11,5.079159935379645,1.8061389337641358,152.29886914378028,141.7302100161551,0
dropwizard/dropwizard,8556,30,14.67,5.963150289017341,1.5158959537572254,18.833815028901736,28.862716763005782,0
dropwizard/metrics,7850,30,15.57,5.482558139534884,1.3517441860465116,9.533430232558139,41.43895348837209,0
dtinit/data-transfer-project,3591,30,7.71,6.841423948220065,1.2664509169363538,6.877022653721683,36.264293419633226,0
DTStack/chunjun,4085,30,7.47,7.139874739039666,1.5652400835073068,20.836116910229645,54.44050104384134,0
DuGuQiuBai/Java,13721,0,9.82,0.7722132471728594,1.1777059773828755,1.0791599353796446,17.51211631663974,0
dunwu/db-tutorial,5206,0,8.12,5.205741626794258,1.1818181818181819,32.60765550239235,53.60287081339713,0
dyc87112/SpringBoot-Learning,15791,0,9.08,4.4535315985130115,1.0260223048327137,1.453531598513011,10.371747211895912,0
dyc87112/SpringCloud-Learning,7404,0,9.08,5.878205128205129,1.044871794871795,28.733974358974358,43.243589743589745,0
eclipse-openj9/openj9,3462,30,8.07,,,,,0
eclipse-vertx/vert.x,14568,0,14.27,,,,,0
eirslett/frontend-maven-plugin,4323,0,12.06,5.595959595959596,1.7272727272727273,7.05050505050505,37.54545454545455,0
elastic/elasticsearch,73825,30,15.62,,,,,0
elastic/logstash,14637,30,14.85,5.400232018561485,1.6450116009280742,21.07656612529002,46.93619489559165,0
ElderDrivers/EdXposed,5602,27,6.67,6.065217391304348,1.6032608695652173,191.0782608695652,78.03695652173913,0
elunez/eladmin,21789,1,6.77,8.01418439716312,1.1631205673758864,6.202127659574468,28.592198581560282,0
emilsjolander/StickyListHeaders,5493,16,13.53,4.813953488372093,1.3953488372093024,3.9767441860465116,49.116279069767444,0
EnterpriseQualityCoding/FizzBuzzEnterpriseEdition,22784,0,12.83,2.901098901098901,1.0,0.23076923076923078,9.824175824175825,0
Ereza/CustomActivityOnCrash,3754,12,11.22,5.4,1.3333333333333333,32.333333333333336,59.53333333333333,0
ethanhua/Skeleton,3725,0,8.15,3.727272727272727,1.2424242424242424,4.606060606060606,22.78787878787879,0
etsy/AndroidStaggeredGrid,4751,7,11.78,5.861111111111111,1.8611111111111112,155.88888888888889,111.38888888888889,0
eugenp/tutorials,37261,0,12.4,4.116787094605948,1.1118719542933961,5.966350193244833,22.102293732145856,0
evant/gradle-retrolambda,5290,30,12.13,4.6,1.04,2.16,24.92,0
Evernote/android-job,5371,30,10.09,6.994708994708994,1.7671957671957672,32.00529100529101,56.576719576719576,0
exadel-inc/CompreFace,6899,11,5.21,7.852852852852853,1.6576576576576576,3.894894894894895,23.32132132132132,0
Exrick/xboot,3888,6,7.41,7.415472779369628,1.2120343839541547,2.656160458452722,29.412607449856733,0
Exrick/xmall,7235,0,8.15,4.310126582278481,1.1613924050632911,632.8291139240506,143.33227848101265,0
Exrick/xpay,5039,0,7.77,6.428571428571429,1.0,93.42857142857143,69.0,0
fabric8io/kubernetes-client,3568,30,10.2,21.936865115082938,1.116111611161116,84.85765719429085,47.48874887488749,0
facebookarchive/rebound,5415,10,11.95,4.287356321839081,1.3218390804597702,34.93103448275862,47.06896551724138,0
facebookarchive/shimmer-android,5364,5,10.56,8.571428571428571,1.8571428571428572,18.0,126.42857142857143,0
facebook/fresco,17137,30,10.56,6.6464454976303315,1.4180094786729858,28.74218009478673,47.800947867298575,0
facebook/stetho,12710,13,10.66,4.379251700680272,1.4234693877551021,7.496598639455782,32.72278911564626,0
failsafe-lib/failsafe,4274,0,10.23,6.38655462184874,2.063025210084034,19.176470588235293,42.12605042016807,0
fast-excel/fastexcel,5122,5,0.96,6.452076677316294,1.3498402555910542,29.5814696485623,35.533546325878596,0
FasterXML/jackson-databind,3621,0,13.75,3.7729182582123757,1.7104660045836517,24.210084033613445,30.96581359816654,0
ferredoxin/QNotified,3456,28,6.5,6.00587084148728,1.63013698630137,47.76712328767123,69.46966731898239,0
fesh0r/fernflower,3786,0,10.97,4.421203438395415,1.2277936962750717,37.56590257879656,79.06017191977077,0
ffay/lanproxy,5805,1,8.84,4.238095238095238,1.1904761904761905,8.206349206349206,42.34920634920635,0
firebase/FirebaseUI-Android,4735,30,10.2,9.788732394366198,1.9577464788732395,12.338028169014084,46.73943661971831,0
fishercoder1534/Leetcode,3956,0,9.14,1.5528107372106594,1.0003890293717175,0.28788173507099785,27.298969072164947,0
Flipboard/bottomsheet,4517,10,10.41,4.897058823529412,1.3676470588235294,27.66176470588235,37.911764705882355,0
florent37/MaterialViewPager,8114,11,10.41,4.545454545454546,1.2954545454545454,9.386363636363637,36.72727272727273,0
flutter-webrtc/flutter-webrtc,4378,30,7.54,6.633333333333334,1.2222222222222223,36.65555555555556,91.96666666666667,0
FongMi/TV,6525,0,3.25,6.5488372093023255,1.4031007751937985,102.07286821705426,47.16899224806202,0
forezp/SpringCloudLearning,17974,0,8.45,4.5524475524475525,1.048951048951049,0.5454545454545454,7.853146853146853,0
frank-lam/fullstack-tutorial,11682,0,7.44,,,,,0
Freelander/Android_Data,8844,0,10.47,2.0,1.0,3.0,58.0,0
freeok/so-novel,4131,30,3.33,5.9156626506024095,1.1686746987951808,2.6506024096385543,35.734939759036145,0
freeplane/freeplane,3468,15,13.02,4.5431300927226745,1.562517561112672,48.41078954762574,46.52402360213543,0
Freeyourgadget/Gadgetbridge,4404,0,10.71,5.379522184300341,1.8339021615472126,38.69419795221843,55.2778156996587,0
frogermcs/InstaMaterial,4968,1,10.86,4.7875,1.5375,9.9375,27.7875,0
frohoff/ysoserial,8514,1,10.65,5.458333333333333,1.3416666666666666,8.891666666666667,32.09166666666667,0
fuzhengwei/itstack-demo-design,6719,0,5.33,2.167441860465116,1.1069767441860465,5.325581395348837,18.567441860465117,0
fuzhengwei/small-spring,4853,0,4.35,3.472,1.2506666666666666,12.704,27.677333333333333,0
Fuzion24/JustTrustMe,5143,1,11.16,2.2962962962962963,1.1851851851851851,2.7037037037037037,22.14814814814815,0
fyhertz/libstreaming,3535,0,12.64,3.5730337078651684,1.4157303370786516,23.292134831460675,76.38202247191012,0
gabrielemariotti/cardslib,4644,27,12.0,5.901356350184956,2.177558569667078,18.620221948212084,39.77435265104809,0
GcsSloop/AndroidNote,9295,0,9.71,4.875,1.375,8.125,50.25,0
gedoor/MyBookshelf,7624,30,7.28,6.336322869955157,1.4693572496263079,58.66218236173393,72.30941704035874,0
geeeeeeeeek/WeChatLuckyMoney,7224,20,9.98,5.380952380952381,1.380952380952381,8.80952380952381,44.333333333333336,0
geekxh/hello-algorithm,35781,0,5.31,1.0,1.0,0.0,20.333333333333332,0
Genymobile/gnirehtet,7092,12,8.61,3.765432098765432,1.1851851851851851,14.296296296296296,53.45679012345679,0
geoserver/geoserver,4139,30,13.87,7.251040221914009,1.8200212123684425,43.969323651790816,62.30048135759158,0
gephi/gephi,6211,19,13.92,4.480117203850984,1.6726663876098786,24.683968187526162,52.56885726245291,0
getActivity/AndroidProject,6718,17,6.91,7.215083798882682,2.142458100558659,19.18435754189944,57.1731843575419,0
getActivity/Toaster,3418,30,7.01,4.527777777777778,1.3333333333333333,38.80555555555556,41.02777777777778,0
getActivity/XXPermissions,6495,30,7.27,6.654639175257732,1.5463917525773196,86.4381443298969,46.144329896907216,0
GeyserMC/Geyser,5220,0,6.2,8.23904052936311,1.965260545905707,34.645161290322584,49.41604631927213,0
gh0stkey/HaE,3799,30,5.49,4.149253731343284,1.6567164179104477,11.91044776119403,59.223880597014926,0
GitLqr/LQRWeChat,3420,0,8.62,4.740932642487047,1.4093264248704662,18.935233160621763,45.626943005181346,0
go-lang-plugin-org/go-lang-idea-plugin,4549,21,15.07,8.120141342756185,2.073321554770318,110.02915194346289,40.07332155477032,0
gocd/gocd,7297,30,11.78,7.459219530238579,1.275013870908082,37.50582578139449,49.56519326798595,0
goldze/MVVMHabit,7686,3,8.17,3.58307210031348,1.2727272727272727,15.764890282131661,28.557993730407524,0
GoogleContainerTools/jib,14023,30,7.66,7.061079545454546,1.2215909090909092,17.071022727272727,50.10085227272727,0
googlemaps/android-maps-utils,3577,30,12.35,7.123287671232877,1.6757990867579908,37.73972602739726,63.858447488584474,0
googlesamples/easypermissions,9913,12,9.75,8.93939393939394,1.4848484848484849,12.212121212121213,51.666666666666664,0
googlesamples/mlkit,3952,1,5.31,7.670157068062827,1.5340314136125655,8.115183246073299,52.026178010471206,0
google/agera,7167,16,9.76,6.327586206896552,1.2413793103448276,14.844827586206897,37.57586206896552,0
google/android-classyshark,7588,17,9.94,3.169811320754717,1.278301886792453,10.25,41.10377358490566,0
google/auto,10524,30,12.33,4.114135206321334,1.7058823529411764,25.593503072870938,28.043020193151886,0
google/bundletool,3833,30,7.38,9.699885452462771,1.268041237113402,82.60366552119129,62.21993127147766,0
google/cameraview,4718,0,9.13,4.833333333333333,1.2638888888888888,12.125,41.43055555555556,0
google/closure-compiler,7571,0,11.43,6.850335070737156,1.5093075204765452,1272.1094564408043,114.77438570364855,0
google/error-prone,7040,30,11.08,7.834129258198026,1.5342247691817892,25.472142629735753,34.39095829353709,0
google/ExoPlayer,21877,28,11.27,7.587930508991161,1.295032002438281,52.220054861322765,79.95976836330387,0
google/google-authenticator,5305,0,10.95,3.8852459016393444,1.6885245901639345,29.65573770491803,64.50819672131148,0
google/google-java-format,5922,30,10.36,5.7272727272727275,1.4242424242424243,66.8,77.2909090909091,0
google/grafika,6135,1,11.76,6.407766990291262,1.7475728155339805,6.893203883495145,97.42718446601941,0
google/gson,24050,12,10.51,3.024163568773234,1.2815985130111525,20.598513011152416,32.015799256505574,0
google/guava,51124,30,11.32,4.039800995024875,1.80068407960199,48.067630597014926,39.52223258706468,0
google/guice,12677,19,11.32,3.8033505154639173,1.3041237113402062,8.454381443298969,21.824484536082473,0
google/j2objc,6029,1,11.64,,,,,0
google/open-location-code,4250,5,10.98,4.955223880597015,1.1791044776119404,4.552238805970149,34.25373134328358,0
google/physical-web,5982,17,10.98,4.788461538461538,1.2884615384615385,26.71153846153846,47.955128205128204,0
google/rejoiner,3670,3,7.79,6.6183206106870225,1.5725190839694656,4.923664122137405,27.221374045801525,0
google/tsunami-security-scanner,8462,27,5.3,6.260416666666667,1.5416666666666667,14.753472222222221,29.73611111111111,0
google/volley,3416,9,8.65,5.190476190476191,1.696969696969697,12.285714285714286,40.23809523809524,0
grantland/android-autofittextview,4260,1,14.61,5.375,1.375,40.75,58.75,0
graphhopper/graphhopper,6009,30,13.59,6.756438557763061,1.2597498160412068,32.996320824135395,72.73436350257542,0
Grasscutters/Grasscutter,16665,20,3.43,,,,,0
Graylog2/graylog2-server,7809,0,15.35,8.044964539007092,1.335177304964539,18.645673758865247,33.997304964539005,0
greenrobot/EventBus,24765,7,13.18,3.4262295081967213,1.8360655737704918,9.05464480874317,28.792349726775956,0
greenrobot/greenDAO,12626,8,13.92,5.013736263736264,2.1016483516483517,47.4532967032967,50.9478021978022,0
GrenderG/Toasty,6597,19,8.67,4.0625,1.0625,56.625,30.4375,0
GrowingGit/GitHub-Chinese-Top-Charts,102368,0,6.04,0.0,1.0,0.0,5.0,0
grpc-ecosystem/grpc-spring,3670,30,8.73,6.605263157894737,1.4784688995215312,5.368421052631579,25.72248803827751,0
grpc/grpc-java,11844,30,10.79,5.60051076249544,1.3934695366654506,13.49799343305363,46.80098504195549,0
Grt1228/chatgpt-java,3457,10,2.61,6.741293532338308,1.099502487562189,11.930348258706468,19.233830845771145,0
gsantner/markor,4681,30,8.07,6.90519877675841,1.5045871559633028,132.81957186544344,88.03669724770643,0
guardianproject/haven,6724,30,8.56,6.822784810126582,1.3924050632911393,11.772151898734178,57.734177215189874,0
gunnarmorling/1brc,7438,0,1.73,3.1666666666666665,1.09,7.58,89.05166666666666,0
guolindev/giffun,3431,0,6.65,5.382845188284519,1.2782426778242677,25.338912133891213,46.85564853556485,0
guolindev/LitePal,8100,0,12.59,5.009950248756219,1.6517412935323383,49.44776119402985,58.85572139303483,0
gyf-dev/ImmersionBar,11449,0,8.42,6.352112676056338,2.1056338028169015,159.25352112676057,50.96478873239437,0
gyoogle/tech-interview-for-developer,16556,0,6.28,1.3076923076923077,1.0,0.9230769230769231,48.92307692307692,0
gzu-liyujiang/AndroidPicker,6714,30,9.92,5.435146443514644,1.6443514644351465,51.71548117154812,56.65690376569037,0
H07000223/FlycoTabLayout,11122,4,9.87,6.454545454545454,1.5454545454545454,223.0909090909091,82.72727272727273,0
h2database/h2database,4453,23,10.45,6.016726403823178,2.0579450418160095,176.3500597371565,138.0663082437276,0
h2pl/JavaTutorial,7031,1,7.39,0.3333333333333333,1.0,0.3333333333333333,4.666666666666667,0
h6ah4i/android-advancedrecyclerview,5335,1,10.66,6.60506329113924,2.4075949367088607,32.02278481012658,52.38481012658228,0
hackware1993/MagicIndicator,9803,12,9.24,5.0,1.3398058252427185,26.941747572815533,44.00970873786408,0
haifengl/smile,6261,30,10.84,5.5389805097451275,1.3628185907046477,103.71814092953524,75.69340329835083,0
halo-dev/halo,36940,30,7.5,7.527969830295412,1.2602137020741673,6.814582023884349,32.86360779384035,0
hanks-zyh/HTextView,5649,0,9.76,4.197802197802198,1.5604395604395604,3.4835164835164836,33.8021978021978,0
HannahMitt/HomeMirror,7846,0,10.08,2.727272727272727,1.0757575757575757,5.348484848484849,26.045454545454547,0
hansonwang99/Spring-Boot-In-Action,4715,0,6.65,3.8656716417910446,1.1194029850746268,6.007462686567164,20.253731343283583,0
HarlonWang/AVLoadingIndicatorView,9770,1,9.91,3.5652173913043477,1.7826086956521738,6.75,23.48913043478261,0
hazelcast/hazelcast,6393,30,13.51,7.926733380986419,1.75702883011675,44.825768406004286,65.70848224922564,0
hdodenhof/CircleImageView,14531,0,11.68,11.0,2.3333333333333335,178.66666666666666,120.0,0
Heeexy/SpringBoot-Shiro-Vue,4646,0,7.84,5.777777777777778,1.4074074074074074,9.444444444444445,23.444444444444443,0
heibaiying/BigData-Notes,16656,0,6.53,5.714285714285714,1.2207792207792207,0.8181818181818182,27.584415584415584,0
helidon-io/helidon,3680,30,7.07,5.599674200773773,1.4377927102423131,27.447668499287314,41.355528405620035,0
Helium314/HeliBoard,3825,30,3.53,6.666666666666667,1.4683544303797469,71.05907172995781,97.86497890295358,0
HelloWorld521/Java,3542,0,8.78,4.169354838709677,1.3306451612903225,5.096774193548387,21.75,0
hibernate/hibernate-orm,6242,30,14.97,6.789896850609876,1.4002431658626504,76.38608463740832,41.86912185747343,0
HMCL-dev/HMCL,8142,30,10.25,6.8246153846153845,1.7092307692307693,36.04461538461538,60.5,0
hmkcode/Android,3578,0,12.05,4.696428571428571,1.6428571428571428,2.142857142857143,24.767857142857142,0
hneemann/Digital,5114,30,9.23,5.047881122729774,1.6835443037974684,13.246009906439186,41.87121629058888,0
hollischuang/toBeTopJavaer,25469,0,6.91,,,,,0
hongyangAndroid/AndroidAutoLayout,6675,0,9.84,5.833333333333333,2.0,8.807692307692308,30.384615384615383,0
hongyangAndroid/baseAdapter,4720,0,10.14,4.88,1.32,18.28,31.26,0
hongyangAndroid/FlowLayout,5595,0,10.07,4.323529411764706,1.411764705882353,5.0,23.823529411764707,0
hongyangAndroid/okhttputils,6860,0,10.1,3.7285714285714286,1.457142857142857,6.2,28.014285714285716,0
HotBitmapGG/bilibili-android-client,4493,1,9.31,4.92128801431127,1.8175313059033988,42.7906976744186,69.5742397137746,0
houbb/sensitive-word,5384,2,5.7,3.04,1.1733333333333333,20.79111111111111,18.42222222222222,0
huanghaibin-dev/CalendarView,9317,1,8.53,6.568181818181818,2.159090909090909,53.18181818181818,65.66477272727273,0
huangyanbin/smartTable,5219,30,7.87,5.09065934065934,1.1895604395604396,25.928571428571427,38.91483516483517,0
huburt-Hu/NewbieGuide,3622,20,8.15,4.3076923076923075,1.1794871794871795,10.435897435897436,24.307692307692307,0
hugeterry/CoordinatorTabLayout,4197,0,8.65,5.294117647058823,1.411764705882353,9.411764705882353,27.823529411764707,0
hussien89aa/AndroidTutorialForBeginners,4531,0,8.98,4.511627906976744,1.496124031007752,2.744186046511628,30.674418604651162,0
hustcc/JS-Sorting-Algorithm,5186,0,8.67,3.5833333333333335,1.0,2.8333333333333335,32.416666666666664,0
iBotPeaches/Apktool,22925,27,13.51,5.906593406593407,1.9175824175824177,51.0,68.08791208791209,0
ikarus23/MifareClassicTool,5357,8,12.61,11.090909090909092,2.272727272727273,106.03030303030303,201.0,0
ikew0ng/SwipeBackLayout,6123,0,12.08,5.0,1.3888888888888888,61.333333333333336,90.83333333333333,0
iluwatar/java-design-patterns,92710,0,11.12,3.3643083421330515,1.197465681098205,1.8405491024287224,18.73495248152059,0
immutables/immutables,3517,15,12.21,4.6779970760233915,1.2832602339181287,30.607456140350877,25.964181286549707,0
infinilabs/analysis-ik,17216,1,13.77,4.815789473684211,1.368421052631579,15.421052631578947,67.65789473684211,0
IoT-Technology/IoT-Technical-Guide,4407,0,6.47,4.085034013605442,1.248299319727891,3.163265306122449,17.806122448979593,0
IrisShaders/Iris,3574,30,4.91,6.209429824561403,1.3157894736842106,22.638157894736842,41.546052631578945,0
iterate-ch/cyberduck,3922,0,8.67,6.2927706031154305,1.3528158700572495,65.4815603781121,39.61363333777127,0
ittianyu/BottomNavigationViewEx,3476,19,8.86,4.896551724137931,1.5862068965517242,50.13793103448276,47.275862068965516,0
ityouknow/spring-boot-examples,30606,0,8.88,4.726384364820847,1.0260586319218241,5.03257328990228,14.530944625407166,0
ityouknow/spring-cloud-examples,6225,0,8.4,3.8333333333333335,1.0166666666666666,0.4666666666666667,6.5,0
j-easy/easy-rules,5153,10,12.53,5.092592592592593,1.3148148148148149,7.62962962962963,29.98148148148148,0
JabRef/jabref,4021,30,11.53,,,,,0
Jacksgong/JKeyboardPanelSwitch,4190,14,10.22,5.2,1.3,7.38,34.72,0
jacoco/jacoco,4412,30,13.21,4.258510638297873,1.4319148936170212,12.62340425531915,39.13191489361702,0
jagrosh/MusicBot,5671,30,9.1,6.741935483870968,2.5053763440860215,10.591397849462366,44.053763440860216,0
JakeWharton/ActionBarSherlock,7075,30,14.55,6.126463700234192,1.9718969555035128,63.39812646370024,61.97423887587822,0
JakeWharton/butterknife,25482,0,12.55,3.9595588235294117,1.2352941176470589,10.481617647058824,28.352941176470587,0
JakeWharton/DiskLruCache,5774,0,13.72,3.25,1.3333333333333333,11.0,161.41666666666666,0
JakeWharton/hugo,7931,0,11.82,5.714285714285714,1.1428571428571428,27.714285714285715,54.857142857142854,0
JakeWharton/NineOldAndroids,4477,0,13.79,4.2898550724637685,1.434782608695652,30.144927536231883,54.96376811594203,0
JakeWharton/ThreeTenABP,3571,0,10.22,4.285714285714286,1.4285714285714286,1.4285714285714286,16.714285714285715,0
JakeWharton/u2020,5661,0,11.85,6.2164179104477615,1.4253731343283582,23.619402985074625,35.865671641791046,0
JakeWharton/ViewPagerIndicator,10104,0,14.13,5.4393939393939394,2.242424242424242,29.272727272727273,44.65151515151515,0
janishar/android-mvp-architecture,4444,0,8.65,5.815068493150685,1.3835616438356164,14.10958904109589,27.732876712328768,0
janishar/mit-deep-learning-book-pdf,13598,3,8.46,0.0,1.0,0.0,2.0,0
jankotek/mapdb,5017,0,13.1,3.2395437262357416,2.0228136882129277,81.84790874524715,76.79847908745248,0
JanusGraph/janusgraph,5618,28,8.73,7.016350210970464,1.4425105485232068,43.89978902953587,54.992616033755276,0
Jasonchenlijian/FastBle,5447,9,9.08,4.380952380952381,1.2952380952380953,26.066666666666666,44.885714285714286,0
java-decompiler/jd-gui,14747,18,10.5,4.538083538083538,2.4176904176904177,11.115479115479115,47.44226044226044,0
java-native-access/jna,8802,0,14.4,4.5340380549682875,2.3665961945031713,44.93784355179704,45.16025369978858,0
javagrowing/JGrowing,4564,0,6.57,1.5263157894736843,1.0,1.9473684210526316,17.31578947368421,0
javahuang/SurveyKing,3705,3,4.04,5.175,1.23,7.825,23.0925,0
JavaNoober/BackgroundLibrary,3893,13,7.03,4.7899159663865545,1.2100840336134453,34.1764705882353,67.47058823529412,0
javastacks/spring-boot-best-practice,4910,0,6.87,4.744318181818182,1.0909090909090908,3.1193181818181817,11.181818181818182,0
Javen205/IJPay,6176,24,8.39,5.589743589743589,1.36996336996337,139.4029304029304,51.78021978021978,0
jbloch/effective-java-3e-source-code,3998,0,7.13,1.1287128712871286,1.188118811881188,1.3267326732673268,14.94059405940594,0
jboss-javassist/javassist,4217,24,12.33,3.381081081081081,1.553153153153153,43.90810810810811,74.97837837837838,0
JCTools/JCTools,3729,18,11.86,4.601522842639594,3.9086294416243654,19.965736040609137,47.058375634517766,0
jd-opensource/joyagent-jdgenie,7049,1,0.18,4.792592592592593,1.1037037037037036,4.296296296296297,37.62222222222222,0
jdamcd/android-crop,4536,6,11.53,4.290322580645161,1.3870967741935485,26.483870967741936,54.064516129032256,0
jeasonlzy/ImagePicker,4314,5,9.65,5.828947368421052,1.486842105263158,23.07894736842105,48.48684210526316,0
jeasonlzy/okhttp-OkGo,10601,14,9.68,5.595567867036011,1.6232686980609419,19.445983379501385,37.16897506925208,0
jeecgboot/jimureport,7543,29,5.79,6.75,1.0833333333333333,2.3333333333333335,25.0,0
jeequan/jeepay,5738,0,8.11,8.776363636363635,1.7836363636363637,4.290909090909091,31.214545454545455,0
JeffLi1993/springboot-learning-example,16557,0,8.62,4.614035087719298,1.043859649122807,2.8508771929824563,14.394736842105264,0
jenkinsci/jenkins,24447,30,14.83,6.2403214024835645,1.8967616264913563,46.24202580959338,45.438763087411736,0
JeremyLiao/LiveEventBus,3969,0,7.2,3.227272727272727,1.1103896103896105,4.035714285714286,25.266233766233768,0
JessYanCoding/AndroidAutoSize,13694,14,7.1,5.408163265306122,1.4081632653061225,31.285714285714285,35.10204081632653,0
JessYanCoding/MVPArms,10285,25,9.13,6.644295302013423,1.2818791946308725,32.100671140939596,40.1744966442953,0
JesusFreke/smali,6534,0,12.99,6.018229166666667,1.6666666666666667,15.016493055555555,40.592013888888886,0
jetlinks/jetlinks-community,6159,20,5.72,7.896308360477741,1.266558089033659,11.758414766558088,32.80564603691639,0
jetty/jetty.project,4000,30,14.19,5.464648489708634,1.6335872761293773,25.35792568831863,48.10224538893344,0
jfeinstein10/SlidingMenu,11044,0,13.23,4.77027027027027,1.8243243243243243,47.445945945945944,41.689189189189186,0
JFormDesigner/FlatLaf,3920,30,6.09,3.8156028368794326,3.6843971631205674,64.82624113475177,86.91489361702128,0
jgilfelt/chuck,4700,5,8.62,5.833333333333333,1.380952380952381,55.73809523809524,40.42857142857143,0
jgilfelt/SystemBarTint,5354,3,11.85,8.0,1.7777777777777777,22.555555555555557,89.66666666666667,0
jhy/jsoup,11243,20,15.76,6.306372549019608,1.8063725490196079,240.08333333333334,93.17156862745098,0
jindrapetrik/jpexs-decompiler,5088,30,11.37,5.789940828402367,1.8865877712031558,57.625739644970416,85.26084812623274,0
jishenghua/jshERP,3820,6,9.0,5.825,1.3277777777777777,1674.7,197.375,0
jitsi/jitsi,4260,7,12.41,5.438607398197078,1.9011501398818775,39.3705315511346,61.06154802611128,0
jlegewie/zotfile,4241,30,13.73,,,,,0
jMonkeyEngine/jmonkeyengine,4022,30,11.51,5.816844082654978,1.6274264245460237,53.88603631809643,63.5463368816531,0
JoanZapata/android-iconify,3943,0,12.28,3.511627906976744,1.2325581395348837,5.186046511627907,21.13953488372093,0
JodaOrg/joda-time,4977,30,14.35,8.578096947935368,2.2836624775583485,295.29443447037704,164.475763016158,0
joelittlejohn/jsonschema2pojo,6333,30,12.25,6.7011070110701105,1.1402214022140222,77.68634686346863,52.745387453874535,0
johncarl81/parceler,3544,0,12.22,4.693181818181818,1.35,16.588636363636365,23.081818181818182,0
jOOQ/jOOQ,6523,30,14.44,9.79371790999698,1.8320749018423437,1671.1334944125642,67.19178495922682,0
journeyapps/zxing-android-embedded,5891,9,12.81,5.4375,1.3645833333333333,21.916666666666668,53.84375,0
jpush/aurora-imui,5716,30,8.77,4.807017543859649,1.5292397660818713,50.26900584795322,52.014619883040936,0
json-path/JsonPath,9300,10,14.66,4.557065217391305,1.486413043478261,29.29076086956522,44.75,0
JSQLParser/JSqlParser,5812,30,14.25,6.358282208588957,1.5447852760736196,513.7472392638036,57.00490797546012,0
jtablesaw/tablesaw,3692,30,9.72,6.270588235294118,1.284967320261438,108.52941176470588,63.355555555555554,0
junit-team/junit-framework,6795,30,10.69,4.707117852975496,1.3033838973162193,36.35443407234539,28.731038506417736,0
junit-team/junit4,8533,13,16.69,3.8681169272603673,1.4643099932019035,12.961250849762067,22.397008837525494,0
junixapp/XPopup,7968,30,6.79,4.704918032786885,1.5770491803278688,22.901639344262296,40.485245901639345,0
justauth/JustAuth,17193,30,6.64,5.51010101010101,1.3434343434343434,12.984848484848484,30.575757575757574,0
Justson/AgentWeb,9352,21,8.36,5.3984375,1.48828125,18.79296875,44.21875,0
jwtk/jjwt,10849,9,11.02,5.623423423423423,1.9945945945945946,25.834234234234234,28.922522522522524,0
JZ-Darkal/AndroidHttpCapture,4534,1,8.93,4.586750788643533,1.413249211356467,37.003154574132495,50.1577287066246,0
k0shk0sh/FastHub,5726,30,8.59,8.07387580299786,1.4379014989293362,34.75695931477516,43.17023554603854,0
karatelabs/karate,8667,30,8.62,6.63013698630137,1.2054794520547945,115.27568493150685,68.64383561643835,0
karma9874/AndroRAT,4135,0,5.5,2.8545454545454545,1.1636363636363636,1.3818181818181818,32.6,0
Karumi/Dexter,5215,30,9.84,4.425,1.2,4.15,27.4625,0
kaushikgopal/RxJava-Android-Samples,7527,0,11.17,6.627906976744186,1.8255813953488371,9.19767441860465,30.61627906976744,0
kdn251/interviews,64468,0,8.6,1.1945525291828794,1.0038910505836576,0.2918287937743191,21.8715953307393,0
KeepSafe/TapTargetView,5456,24,9.03,4.512820512820513,1.1538461538461537,49.8974358974359,50.38461538461539,0
kekingcn/kkFileView,13324,16,7.78,6.841463414634147,1.048780487804878,167.28048780487805,114.85365853658537,0
kestra-io/kestra,21198,30,6.07,8.212721584984358,1.4520333680917623,14.996871741397289,34.63451511991658,0
kevin-wayne/algs4,7503,0,10.06,4.003584229390681,1.021505376344086,47.46953405017921,80.72401433691756,0
keycloak/keycloak,29652,30,12.22,6.876770701370494,1.5414027409881377,73.27260163537947,59.18046758032938,0
kikoso/android-stackblur,3589,0,12.1,1.7804878048780488,1.0975609756097562,0.5853658536585366,22.75609756097561,0
killbill/killbill,5030,30,12.92,8.661481784690954,1.794924273434302,28.247237003683995,61.787965616045845,0
killme2008/aviatorscript,4987,30,14.49,4.627862595419847,1.498091603053435,60.982824427480914,71.30152671755725,0
KingJA/LoadSir,3492,6,8.05,5.1891891891891895,1.554054054054054,4.013513513513513,20.013513513513512,0
knightliao/disconf,5552,12,11.32,4.437647058823529,1.3576470588235294,12.616470588235295,32.96235294117647,0
knowm/XChange,4001,0,13.64,5.952535496957403,1.5040567951318458,25.18073022312373,30.181135902636917,0
Konloch/bytecode-viewer,15217,30,10.94,4.722222222222222,2.0531400966183573,13.68840579710145,52.56280193236715,0
koral--/android-gif-drawable,9631,30,12.64,6.15625,1.65625,59.734375,45.625,0
koush/AndroidAsync,7547,0,13.08,3.613259668508287,1.5322283609576428,19.44014732965009,33.30755064456722,0
koush/ion,6274,0,12.34,4.536332179930795,1.4602076124567474,23.598615916955016,32.674740484429066,0
krahets/hello-algo,116928,9,2.88,1.8744186046511628,1.0,4.706976744186046,35.84651162790698,0
krahets/LeetCode-Book,7693,0,3.76,1.3333333333333333,1.0,0.08527131782945736,12.0968992248062,0
ksoichiro/Android-ObservableScrollView,9649,0,10.87,5.014925373134329,1.9671641791044776,7.570149253731343,37.67462686567164,0
kunal-kushwaha/DSA-Bootcamp-Java,20681,0,4.14,1.2687747035573123,1.08300395256917,3.5019762845849804,26.142292490118578,0
KunMinX/Jetpack-MVVM-Best-Practice,8950,0,5.89,4.840336134453781,1.6218487394957983,12.0,31.016806722689076,0
KunMinX/Linkage-RecyclerView,3667,0,6.42,6.4,1.5466666666666666,10.386666666666667,34.026666666666664,0
kyleduo/SwitchButton,4747,0,11.04,4.37037037037037,1.4074074074074074,82.48148148148148,57.148148148148145,0
LandGrey/SpringBootVulExploit,6035,0,5.34,3.4285714285714284,1.0,3.5714285714285716,18.428571428571427,0
languagetool-org/languagetool,13580,0,12.12,5.382578664620107,1.5909439754412893,55.183039140445125,81.72947045280122,0
laobie/StatusBarUtil,8799,0,9.6,4.151515151515151,1.5454545454545454,22.545454545454547,31.393939393939394,0
LaurieWired/GhidraMCP,6059,5,0.49,16.333333333333332,1.6666666666666667,459.0,406.3333333333333,0
LawnchairLauncher/lawnchair,11142,28,8.55,8.65876923076923,1.4295384615384616,97.1003076923077,76.4676923076923,0
lcodecorex/TwinklingRefreshLayout,4002,0,9.56,4.28476821192053,1.3708609271523178,36.271523178807946,41.54304635761589,0
lecho/hellocharts-android,7666,14,10.95,6.42483660130719,1.6666666666666667,40.294117647058826,71.86274509803921,0
lenve/JavaEETest,3498,0,8.77,3.344155844155844,1.077922077922078,3.2662337662337664,13.85064935064935,0
lenve/VBlog,7418,0,7.74,4.551724137931035,1.0344827586206897,29.06896551724138,26.93103448275862,0
lenve/vhr,27946,0,7.71,4.4361702127659575,1.0212765957446808,48.329787234042556,31.606382978723403,0
leolin310148/ShortcutBadger,7355,0,11.85,5.290322580645161,1.1612903225806452,3.4838709677419355,28.548387096774192,0
lets-blade/blade,5879,9,10.28,4.62214983713355,1.234527687296417,42.156351791530945,49.899022801302934,0
LFDT-web3j/web3j,5305,30,9.05,4.274167987321712,1.7369255150554674,35.27337559429477,34.157686212361334,0
lgvalle/Material-Animations,13662,0,10.54,4.4,1.4666666666666666,4.7555555555555555,22.444444444444443,0
liaohuqiu/android-Ultra-Pull-To-Refresh,9563,8,10.86,4.0186335403726705,1.4037267080745341,19.142857142857142,34.01242236024845,0
LibrePDF/OpenPDF,4011,30,9.19,5.935243553008596,1.859025787965616,91.47163323782235,88.25845272206304,0
lightbend/config,6261,3,13.8,5.475,2.055,76.18,65.93,0
lihangleo2/ShadowLayout,3678,28,6.2,4.0,1.1384615384615384,21.615384615384617,52.87692307692308,0
lihengming/spring-boot-api-project-seed,9686,4,8.25,5.0,1.2666666666666666,9.733333333333333,32.266666666666666,0
lilishop/lilishop,3973,3,4.35,7.614046391752577,1.3170103092783505,13.322164948453608,27.59536082474227,0
line/armeria,4998,30,9.85,6.454248366013072,1.3219732337379395,33.440709617180204,46.0666044195456,0
lingochamp/FileDownloader,11112,30,9.75,4.5278810408921935,1.687732342007435,42.014869888475836,53.48327137546468,0
lingochamp/okdownload,5245,8,7.76,6.443148688046647,1.2653061224489797,35.25947521865889,55.352769679300295,0
linhaojun857/aurora,4449,0,3.08,7.287625418060201,1.117056856187291,7.25752508361204,16.5752508361204,0
linkedin/databus,3668,0,12.76,5.525725593667546,1.3568601583113455,46.73482849604222,82.01912928759894,0
linlinjava/litemall,19926,8,7.5,4.6175040518638575,1.1264181523500811,1532.8849270664505,147.2998379254457,0
LinShunKang/MyPerf4J,3534,23,7.53,4.101307189542483,1.173202614379085,10.61111111111111,33.65359477124183,0
linyiqun/DataMiningAlgorithm,3931,0,10.7,2.2936507936507935,1.0873015873015872,9.96031746031746,92.56349206349206,0
lipangit/JiaoZiVideoPlayer,10492,30,9.62,7.27536231884058,2.1159420289855073,56.63768115942029,65.3768115942029,0
liquibase/liquibase,5232,30,14.21,6.832950631458094,1.7956371986222732,65.46498277841562,56.781859931113665,0
lisawray/groupie,3671,28,9.05,5.096774193548387,1.8279569892473118,29.903225806451612,41.913978494623656,0
litesuits/android-common,3642,0,11.32,3.5176470588235293,1.2470588235294118,124.3529411764706,76.69411764705882,0
liuyubobobo/Play-with-Algorithms,3705,0,9.21,2.8947368421052633,1.0075187969924813,5.203007518796992,39.75187969924812,0
liyifeng1994/ssm,5956,0,9.26,3.473684210526316,1.6842105263157894,2.0526315789473686,19.42105263157895,0
LMAX-Exchange/disruptor,17989,14,13.0,4.480487804878049,1.2902439024390244,25.882926829268293,32.114634146341466,0
logisim-evolution/logisim-evolution,6200,30,11.01,5.961154855643045,2.4288713910761155,28.233070866141734,84.85774278215223,0
lsjwzh/RecyclerViewPager,3515,10,10.68,4.309859154929577,1.4929577464788732,9.971830985915492,38.521126760563384,0
LSPosed/LSPatch,8392,9,4.55,4.342465753424658,1.3493150684931507,23.876712328767123,48.0,0
LSPosed/LSPosed,21586,30,4.77,5.522248243559719,1.6463700234192038,48.114754098360656,53.75175644028103,0
lucasr/twoway-view,5223,0,12.67,6.078431372549019,1.8235294117647058,86.58823529411765,72.31372549019608,0
LuckSiege/PictureSelector,13541,30,8.71,5.156037991858887,1.237449118046133,49.44911804613297,53.05698778833107,0
luckybilly/CC,4045,0,7.82,4.966666666666667,1.2583333333333333,16.316666666666666,38.325,0
lugg/react-native-config,4922,30,9.58,4.565217391304348,1.391304347826087,1.9565217391304348,18.608695652173914,0
lukas-krecan/ShedLock,3972,0,8.78,5.918158567774936,2.1892583120204603,7.319693094629156,28.964194373401533,0
luontola/retrolambda,3531,0,12.18,2.408333333333333,1.4125,9.004166666666666,20.2,0
LWJGL/lwjgl3,5127,21,12.75,6.76233635448137,2.376334340382679,970.6362537764351,109.43464249748237,0
lygttpod/SuperTextView,3772,30,8.92,3.046511627906977,1.1627906976744187,141.67441860465115,46.53488372093023,0
M66B/FairEmail,3884,30,7.13,4.727101483400047,1.2707793736755357,33.457028490699315,57.31763597833765,0
macrozheng/mall-learning,13260,0,6.44,4.971887550200803,1.104417670682731,229.51004016064257,57.76706827309237,0
macrozheng/mall-swarm,12613,3,5.82,3.787958115183246,1.2316753926701571,1106.2290575916231,132.98821989528795,0
macrozheng/mall,81610,3,7.47,3.9263157894736844,1.2394736842105263,1110.803947368421,132.7671052631579,0
macrozheng/springcloud-learning,6838,0,6.04,4.884444444444444,1.0222222222222221,85.87555555555555,25.026666666666667,0
makovkastar/FloatingActionButton,3992,0,11.17,5.666666666666667,1.8148148148148149,37.592592592592595,37.55555555555556,0
Manabu-GT/ExpandableTextView,4084,4,11.35,5.133333333333334,1.7333333333333334,11.8,36.8,0
mapstruct/mapstruct,7503,30,13.32,3.824989116238572,1.1689159773617763,10.468437091858947,21.011754462342186,0
markzhai/AndroidPerformanceMonitor,6724,0,9.68,4.074074074074074,1.2777777777777777,14.074074074074074,41.370370370370374,0
material-components/material-components-android,16954,30,8.79,7.130519165453664,1.5376031052886947,92.01989325570112,55.67782629791363,0
mbechler/marshalsec,3592,0,8.33,7.291666666666667,1.8194444444444444,14.583333333333334,30.75,0
mcxiaoke/android-volley,4278,0,12.34,5.090909090909091,1.893939393939394,15.818181818181818,37.61363636363637,0
mcxiaoke/packer-ng-plugin,4826,1,9.83,2.806451612903226,1.3870967741935485,18.64516129032258,57.29032258064516,0
mcxtzhang/SwipeDelMenuLayout,3774,2,9.07,3.1,1.25,5.2,27.125,0
meefik/linuxdeploy,5611,30,13.09,7.162162162162162,1.6486486486486487,35.891891891891895,72.78378378378379,0
Meituan-Dianping/Leaf,6671,0,6.78,3.475,1.425,11.25,32.625,0
Meituan-Dianping/Robust,4458,13,8.52,3.5238095238095237,1.2619047619047619,17.357142857142858,70.30952380952381,0
Meituan-Dianping/walle,6846,1,8.7,3.148936170212766,1.1914893617021276,8.691489361702128,49.287234042553195,0
mercyblitz/tech-weekly,3979,0,6.8,2.888888888888889,1.0246913580246915,2.123456790123457,17.17283950617284,0
metersphere/metersphere,12481,19,5.63,6.672246220302376,1.2980561555075594,445.99163066954645,86.94168466522679,0
microg/GmsCore,10947,30,11.41,5.734660033167496,1.7103372028745163,14.226644555002764,30.20121614151465,0
micrometer-metrics/micrometer,4712,30,8.45,5.706611570247934,1.2887396694214877,19.852789256198346,41.75051652892562,0
micronaut-projects/micronaut-core,6304,30,7.54,5.757780507780508,1.3230958230958232,36.266789516789515,35.70843570843571,0
microservices-patterns/ftgo-application,3629,0,7.91,5.345945945945946,1.1891891891891893,8.191891891891892,18.562162162162164,0
microsoft/malmo,4202,21,9.35,7.0503597122302155,2.143884892086331,12.848920863309353,68.81294964028777,0
MiguelCatalan/MaterialSearchView,3824,6,10.02,4.048780487804878,1.3170731707317074,22.658536585365855,33.19512195121951,0
mik3y/usb-serial-for-android,5377,30,12.23,6.196969696969697,1.3181818181818181,38.96969696969697,123.81818181818181,0
MinecraftForge/MinecraftForge,7303,0,13.65,7.128434886499402,2.1714456391875747,37.889486260454,37.75746714456392,0
mission-peace/interview,11214,0,11.17,2.0134932533733134,1.0374812593703149,3.4092953523238383,40.86806596701649,0
MisterBooo/LeetCodeAnimation,76453,0,6.79,1.0,1.0,0.0,19.5,0
mock-server/mockserver,4795,0,12.57,7.27321911632101,1.6871055004508566,95.82236248872859,58.732191163210096,0
mockito/mockito,15278,30,12.94,3.4723809523809526,1.4004761904761904,18.329047619047618,24.85238095238095,0
Mojang/brigadier,3601,3,11.02,6.635294117647059,1.1529411764705881,44.55294117647059,50.72941176470588,0
motianhuo/wechat,5437,0,10.33,5.061417322834646,1.2346456692913386,15.453543307086614,54.21417322834645,0
MovingBlocks/Terasology,3760,30,14.56,6.098576512455516,1.4451957295373665,25.027046263345195,39.712099644128116,0
mpusher/mpush,3778,9,9.4,4.731155778894473,1.3442211055276383,24.565326633165828,37.768844221105525,0
mrniko/netty-socketio,6995,19,13.7,4.964497041420119,1.2662721893491125,33.01775147928994,36.88165680473373,0
MuntashirAkon/AppManager,6526,30,5.31,7.914322250639386,1.4789002557544757,73.84015345268543,81.00383631713555,0
mybatis/generator,5311,11,12.61,7.781055900621118,1.9565217391304348,88.08540372670808,105.64596273291926,0
mybatis/mybatis-3,20233,30,12.6,3.5389908256880735,1.239678899082569,20.951834862385322,34.652522935779814,0
mybatis/spring-boot-starter,4216,30,9.99,4.52,1.2228571428571429,16.177142857142858,25.32,0
MyCATApache/Mycat-Server,9552,7,10.8,4.895429899302866,1.2943454686289697,78.48799380325329,71.99302865995352,0
mywalkb/LSPosed_mod,4316,10,3.48,5.574944071588367,1.6241610738255035,50.20134228187919,53.977628635346754,0
naman14/Timber,7056,5,10.28,5.399558498896247,1.4613686534216335,19.748344370860927,48.253863134657834,0
NanoHttpd/nanohttpd,7165,3,13.12,4.340277777777778,1.7916666666666667,22.15972222222222,49.34722222222222,0
natario1/CameraView,5083,30,8.18,5.597378277153558,1.3745318352059925,34.762172284644194,39.61610486891386,0
nathanmarz/storm,8811,0,14.02,4.425381903642773,1.2878965922444183,33.070505287896594,71.1539365452409,0
NationalSecurityAgency/ghidra,60613,30,6.56,,,,,0
navasmdc/MaterialDesignLibrary,8971,3,10.98,4.536585365853658,1.8170731707317074,6.7560975609756095,35.69512195121951,0
nayuki/QR-Code-generator,6125,5,9.44,3.9473684210526314,1.4210526315789473,19.57894736842105,95.94736842105263,0
neo4j/neo4j,15086,30,12.86,,,,,0
Netflix/concurrency-limits,3461,30,7.78,4.609375,1.28125,8.28125,40.0859375,0
Netflix/conductor,12778,30,8.79,7.498493975903615,1.2545180722891567,78.67469879518072,70.86144578313252,0
Netflix/eureka,12626,30,13.16,5.884097035040432,1.2708894878706198,18.57277628032345,44.31132075471698,0
Netflix/Hystrix,24400,30,12.84,3.340648379052369,1.570074812967581,20.253865336658354,30.92768079800499,0
Netflix/maestro,3521,0,1.42,8.384241245136186,1.6196498054474708,28.879377431906615,52.3375486381323,0
Netflix/ribbon,4618,30,12.68,4.385915492957746,1.2661971830985916,13.377464788732395,30.687323943661973,0
Netflix/SimianArmy,7987,4,13.21,5.845901639344262,1.4229508196721312,25.160655737704918,52.64262295081967,0
Netflix/zuul,13892,29,12.53,6.508982035928144,1.6127744510978044,24.890219560878243,43.08582834331337,0
netty/netty,34442,0,14.87,4.421910538286581,1.5099823098306797,67.03639120545868,48.25398028809704,0
networknt/light-4j,3672,30,9.03,4.57246963562753,1.1708502024291498,23.31417004048583,55.68906882591093,0
newbee-ltd/newbee-mall,11394,0,6.0,5.033707865168539,1.0674157303370786,34.91011235955056,44.21348314606742,0
nextcloud/android,4856,30,9.29,9.293069306930693,1.687128712871287,114.48910891089109,92.31485148514851,0
nhaarman/ListViewAnimations,5544,14,12.51,6.474452554744525,2.0583941605839415,10.459854014598541,41.583941605839414,0
nICEnnnnnnnLee/BilibiliDown,3707,30,6.66,4.209923664122138,1.7213740458015268,42.01908396946565,75.7175572519084,0
Nightonke/BoomMenu,5804,0,9.51,5.6347826086956525,1.5739130434782609,227.6695652173913,67.04347826086956,0
nining377/dolby_beta,4210,30,5.34,4.135135135135135,1.454054054054054,7.951351351351351,39.47027027027027,0
nisrulz/android-tips-tricks,4745,0,9.07,1.0,1.0,0.0,22.0,0
NLPchina/ansj_seg,6530,3,13.05,6.31651376146789,1.188073394495413,9.577981651376147,55.642201834862384,0
NLPchina/elasticsearch-sql,7033,30,11.08,9.601449275362318,2.0833333333333335,190.19927536231884,119.17753623188406,0
nostra13/Android-Universal-Image-Loader,16935,0,13.82,4.864285714285714,1.5857142857142856,28.84285714285714,53.1,0
novicezk/midjourney-proxy,5144,0,2.41,5.9,1.2444444444444445,5.811111111111111,30.966666666666665,0
nytimes/Store,3512,0,8.81,6.182758620689655,1.5620689655172413,17.055172413793102,38.92413793103448,0
objectbox/objectbox-java,4558,30,8.66,5.127551020408164,1.7551020408163265,103.66071428571429,62.232142857142854,0
oblac/jodd,4072,30,13.04,3.9945054945054945,1.440934065934066,12.949175824175825,36.925824175824175,0
obsidiandynamics/kafdrop,5974,30,6.32,5.52,1.32,28.21,42.15,0
oddfar/campus-imaotai,4158,11,2.21,6.339449541284404,1.4128440366972477,20.376146788990827,35.44954128440367,0
ogaclejapan/SmartTabLayout,7097,0,10.6,6.355555555555555,1.6444444444444444,9.71111111111111,42.48888888888889,0
oldmanpushcart/greys-anatomy,4026,0,12.83,4.066666666666666,1.1541666666666666,6.770833333333333,44.891666666666666,0
ongakuer/CircleIndicator,4270,7,11.15,6.511111111111111,1.6222222222222222,8.511111111111111,38.044444444444444,0
OpenFeign/feign,9739,30,12.24,5.135525260625501,1.6824378508420208,13.266238973536488,30.02886928628709,0
OpenHFT/Chronicle-Queue,3576,30,12.3,5.49498997995992,1.591182364729459,177.40080160320642,55.23246492985972,0
openjdk/jdk,21733,0,7.01,,,,,0
OpenRefine/OpenRefine,11520,30,12.94,6.696991404011461,1.6883954154727794,12.788681948424069,52.260744985673355,0
opensearch-project/OpenSearch,11576,30,4.64,7.460357920450321,1.7342148584780415,38.48961818278371,67.33747543943497,0
OpenTSDB/opentsdb,5063,27,15.07,7.139874739039666,1.2839248434237995,64.87578288100208,109.22338204592901,0
openzipkin/zipkin,17308,30,13.29,6.4487804878048784,1.5548780487804879,19.37682926829268,47.541463414634144,0
oracle/graal,21099,30,9.68,,,,,0
oracle/opengrok,4637,30,12.71,5.351950354609929,1.6382978723404256,78.87765957446808,62.61879432624114,0
orhanobut/dialogplus,4987,9,10.78,5.241379310344827,1.0344827586206897,57.86206896551724,36.10344827586207,0
orhanobut/hawk,3980,22,10.59,3.6153846153846154,1.0384615384615385,12.961538461538462,32.07692307692308,0
orhanobut/logger,13888,16,10.51,5.833333333333333,1.1666666666666667,14.944444444444445,45.94444444444444,0
orientechnologies/orientdb,4873,30,12.78,6.477718360071301,1.609229550406021,309.38304614775205,89.11428005545653,0
oshi/oshi,5078,30,13.62,5.521609538002981,1.5901639344262295,31.64381520119225,54.30253353204173,0
osmandapp/OsmAnd,5317,1,14.68,8.731323505052178,1.6132184860029817,106.60195461321848,113.34586715255922,0
paascloud/paascloud-master,9899,0,7.52,6.10377358490566,1.3153638814016173,5.4568733153638815,22.140161725067387,0
pagehelper/Mybatis-PageHelper,12339,15,11.28,5.8121546961325965,1.441988950276243,29.640883977900554,40.828729281767956,0
PaperMC/Paper,11419,0,9.67,6.896758703481392,1.6857142857142857,111.82184873949579,38.5594237695078,0
pardom-zz/ActiveAndroid,4677,0,12.85,3.903225806451613,1.935483870967742,22.080645161290324,50.935483870967744,0
PBH-BTN/PeerBanHelper,4933,30,1.61,6.717693836978131,1.337972166998012,15.526838966202783,42.97017892644135,0
pedant/sweet-alert-dialog,7248,2,10.93,4.375,1.25,31.0625,58.9375,0
pedrovgs/AndroidWiFiADB,4148,8,9.93,2.8666666666666667,1.5,12.133333333333333,36.53333333333333,0
pedrovgs/EffectiveAndroidUI,6015,0,11.22,4.438356164383562,1.3424657534246576,11.616438356164384,26.34246575342466,0
pentaho/pentaho-kettle,8178,1,11.95,6.009631985461154,1.278964107223989,83.13475692866879,69.70804179918218,0
permissions-dispatcher/PermissionsDispatcher,11229,30,10.1,1.6218487394957983,1.226890756302521,34.378151260504204,26.756302521008404,0
perwendel/spark,9660,0,14.39,4.542986425339366,1.2986425339366516,47.11764705882353,43.38461538461539,0
PhilJay/MPAndroidChart,38106,30,11.41,8.843137254901961,1.9803921568627452,91.0326797385621,68.99019607843137,0
phishman3579/java-algorithms-implementation,4511,0,11.84,3.567198177676538,1.5831435079726652,7.050113895216401,72.34168564920273,0
phodal/migration,3464,0,5.7,1.4166666666666667,1.0,0.08333333333333333,8.416666666666666,0
Piasy/BigImageViewer,3988,0,8.87,4.607142857142857,1.2857142857142858,12.80952380952381,29.916666666666668,0
pig-mesh/pig,6418,19,6.07,6.910526315789474,1.3105263157894738,5.326315789473684,19.85,0
pingfangushi/screw,3921,0,5.25,4.985294117647059,1.3529411764705883,5.242647058823529,28.977941176470587,0
pinpoint-apm/pinpoint,13716,30,10.92,5.192473713337023,1.1427780852241285,11.422689540675153,31.468622025456558,0
plantuml/plantuml,12088,30,14.88,7.133672172808132,1.542312579415502,36.50851334180432,47.504701397712836,0
PlexPt/chatgpt-java,3644,24,2.79,5.27536231884058,1.2753623188405796,14.594202898550725,29.130434782608695,0
pmd/pmd,5212,30,13.2,5.724087233521196,2.0553785836804703,43.44376378338642,35.925018377848566,0
pockethub/PocketHub,9380,1,14.04,6.5754716981132075,1.4811320754716981,9.04245283018868,32.924528301886795,0
PojavLauncherTeam/PojavLauncher,8390,30,5.53,6.154228855721393,1.4104477611940298,124.73134328358209,67.53482587064677,0
PowerJob/PowerJob,7592,30,5.52,5.7456953642384105,1.1841059602649007,5.137748344370861,32.69403973509934,0
powermock/powermock,4190,16,11.32,3.4397163120567376,1.2427107959022852,22.71315996847912,25.98581560283688,0
pqpo/SmartCropper,4093,13,8.13,6.25,1.3333333333333333,122.5,85.08333333333333,0
processing/processing,6504,30,12.66,3.675704989154013,1.6247288503253796,507.76138828633407,119.31453362255965,0
projectlombok/lombok,13280,0,16.29,,,,,0
prolificinteractive/material-calendarview,5925,22,10.61,6.454545454545454,1.5340909090909092,69.01136363636364,41.56818181818182,0
promeG/TinyPinyin,3916,2,9.98,2.0307692307692307,1.0923076923076922,8.753846153846155,21.553846153846155,0
provectus/kafka-ui,11307,25,5.82,7.243664717348928,1.510721247563353,17.13450292397661,35.358674463937625,0
proxyee-down-org/proxyee-down,24867,30,7.91,5.516666666666667,1.4666666666666666,19.516666666666666,56.53333333333333,0
puniverse/quasar,4578,18,12.49,3.386212008895478,1.497405485544848,35.99703484062268,39.11786508524833,0
pxb1988/dex2jar,12907,8,10.52,5.425569176882662,1.5709281961471104,21.13309982486865,73.05604203152365,0
pytorch/serve,4349,24,5.97,5.800796812749004,1.4661354581673307,63.91633466135458,74.68924302788845,0
Qihoo360/RePlugin,7340,19,8.29,5.18859649122807,1.4166666666666667,32.01973684210526,66.39254385964912,0
qiurunze123/miaosha,26511,0,7.02,4.146853146853147,1.1258741258741258,14.3006993006993,30.003496503496503,0
qstumn/BadgeView,3978,5,8.62,4.3428571428571425,1.3142857142857143,49.885714285714286,50.25714285714286,0
quartz-scheduler/quartz,6609,5,9.54,5.575697211155378,1.4422310756972112,119.36653386454184,69.00996015936255,0
querydsl/querydsl,4910,30,14.13,5.197710396039604,1.9866955445544554,42.900680693069305,30.518564356435643,0
Querz/mcaselector,3953,30,7.41,6.8474576271186445,2.4369114877589455,22.178907721280602,68.49905838041431,0
questdb/questdb,16139,30,11.4,,,,,0
qunarcorp/bistoury,4084,8,6.14,4.837619397501837,1.2792064658339457,21.41587068332109,54.10580455547392,0
rabbitmq/rabbitmq-tutorials,6808,0,15.01,4.588235294117647,1.0,2.2941176470588234,29.019607843137255,0
Ramotion/folding-cell-android,4901,0,9.47,4.142857142857143,1.3333333333333333,13.380952380952381,38.666666666666664,0
raphw/byte-buddy,6611,30,11.82,6.147154471544716,1.6159349593495935,14.865528455284553,46.54113821138211,0
razerdp/BasePopup,5233,15,9.68,5.887323943661972,1.6954225352112675,34.29401408450704,49.80105633802817,0
rbmonster/learning-note,3702,0,5.26,2.1945288753799392,1.1732522796352585,2.893617021276596,20.316109422492403,0
react-native-camera/react-native-camera,9648,30,10.48,,,,,0
react-native-image-picker/react-native-image-picker,8591,30,10.29,6.181818181818182,1.5454545454545454,66.18181818181819,73.72727272727273,0
react-native-linear-gradient/react-native-linear-gradient,4943,18,10.48,5.157894736842105,1.631578947368421,10.68421052631579,25.68421052631579,0
react-native-share/react-native-share,3822,30,9.98,5.585365853658536,2.073170731707317,8.609756097560975,43.707317073170735,0
react-native-webrtc/react-native-webrtc,4863,30,9.99,6.119402985074627,1.1492537313432836,8.716417910447761,60.985074626865675,0
reactive-streams/reactive-streams-jvm,4860,0,11.56,3.122004357298475,1.2766884531590414,20.335511982570807,34.287581699346404,0
ReactiveX/RxAndroid,20087,20,11.09,2.272727272727273,1.1272727272727272,3.090909090909091,26.4,0
ReactiveX/RxJava,48338,30,12.7,2.5245639167439116,1.3186989129518834,47.46262745428499,31.222297126485213,0
reactor/reactor-core,5138,30,9.87,7.188418708240534,1.6824053452115812,121.57193763919823,90.17149220489978,0
realm/realm-java,11484,0,13.42,4.293410041841004,1.2128661087866108,51.74843096234309,57.61872384937239,0
ReChronoRain/HyperCeiler,3910,7,1.9,,,,,0
redisson/redisson,24035,30,11.69,5.956887486855941,1.342446547493866,180.41324921135646,59.16719242902208,0
redis/jedis,12156,30,15.28,5.538083538083538,1.4201474201474202,530.3718263718264,89.90090090090091,0
redis/lettuce,5642,30,11.37,6.310123456790124,1.3925925925925926,166.44493827160494,54.24691358024691,0
RedSpider1/concurrent,4590,0,6.88,,,,,0
rememberber/WePush,4578,30,8.25,6.77536231884058,1.5797101449275361,25.14855072463768,82.57608695652173,0
remkop/picocli,5198,30,8.63,2.9407760381211707,1.111640571817563,58.95371000680735,32.68379850238257,0
rengwuxian/MaterialEditText,6099,19,10.9,5.653846153846154,1.3076923076923077,742.8461538461538,130.19230769230768,0
rengwuxian/RxJavaSamples,3927,3,9.5,4.547169811320755,1.3962264150943395,1.6037735849056605,18.88679245283019,0
resilience4j/resilience4j,10366,30,10.3,6.9974905897114175,1.466750313676286,18.971141781681304,38.79548306148055,0
rest-assured/rest-assured,7029,0,14.92,5.2414772727272725,1.1988636363636365,106.02414772727273,40.62642045454545,0
ReVanced/revanced-patches,4604,30,1.77,5.25754060324826,1.368909512761021,18.069605568445475,45.109048723897914,0
rey5137/material,5988,10,10.79,6.511475409836065,1.6459016393442623,54.49508196721312,89.65901639344263,0
RikkaApps/Sui,3464,21,4.71,4.932584269662922,1.1797752808988764,14.55056179775281,50.71910112359551,0
RipMeApp/ripme,3960,30,8.7,5.00625,2.540625,28.16875,62.153125,0
RoaringBitmap/RoaringBitmap,3741,30,12.26,5.586206896551724,1.1394984326018809,259.59404388714734,122.9090909090909,0
robinhood/ticker,4389,9,9.18,4.612903225806452,1.3225806451612903,27.612903225806452,51.0,0
roboguice/roboguice,3752,0,13.11,3.947526236881559,1.3100449775112444,7.127736131934033,22.196701649175413,0
robolectric/robolectric,5968,30,15.07,5.932344064386318,1.3667002012072436,72.49094567404427,56.28244466800805,0
rockerhieu/emojicon,3613,2,11.68,5.153846153846154,1.564102564102564,6.769230769230769,76.17948717948718,0
rom1v/sndcpy,3437,2,5.28,7.75,2.0,20.25,53.5,0
romandanylyk/PageIndicatorView,4639,14,9.08,5.513888888888889,1.5,22.805555555555557,49.05555555555556,0
roncoo/roncoo-pay,4923,0,9.17,5.2055837563451774,1.281725888324873,62.93654822335025,50.53299492385787,0
ronmamo/reflections,4768,3,12.43,2.771573604060914,1.1522842639593909,13.65989847715736,24.274111675126903,0
roughike/BottomBar,8388,4,9.52,4.909090909090909,1.2878787878787878,61.666666666666664,42.93939393939394,0
rovo89/XposedInstaller,3958,0,13.47,4.886699507389163,1.4187192118226601,8.517241379310345,44.23645320197044,0
rstudio/rstudio,4868,0,14.79,4.89226598173516,1.2775399543378996,352.13313356164383,32.52126141552512,0
rubenlagus/TelegramBots,5230,30,9.69,10.398160315374508,2.2036793692509855,10.420499342969777,27.608409986859396,0
rubensousa/GravitySnapHelper,5002,14,9.06,6.375,1.75,57.875,76.25,0
rubensousa/PreviewSeekBar,3460,10,8.65,5.6521739130434785,1.173913043478261,28.17391304347826,50.69565217391305,0
rubensousa/ViewPagerCards,4073,0,9.08,5.333333333333333,1.5555555555555556,2.2222222222222223,26.666666666666668,0
runelite/runelite,5115,0,9.39,3.614918292040063,1.2216657880864523,25.84976278334212,125.65023721665789,0
ryanhoo/StylishMusicPlayer,3706,0,9.02,5.025773195876289,1.309278350515464,13.216494845360824,29.778350515463917,0
s4kibs4mi/java-developer-roadmap,4230,0,6.41,0.0,1.0,0.0,5.0,0
saiwu-bigkoo/Android-ConvenientBanner,4771,0,10.75,4.827586206896552,1.4482758620689655,7.793103448275862,29.24137931034483,0
Sayi/poi-tl,4860,14,10.51,6.398095238095238,1.2057142857142857,89.65523809523809,43.43047619047619,0
saysky/ForestBlog,4669,0,7.95,5.104651162790698,1.069767441860465,12.686046511627907,28.337209302325583,0
scribejava/scribejava,5467,9,15.05,4.208502024291498,1.4008097165991902,10.935222672064777,25.649797570850204,0
scwang90/SmartRefreshLayout,25154,14,8.3,6.651026392961877,1.5073313782991202,30.319648093841643,53.21407624633431,0
seaswalker/spring-analysis,13725,0,9.03,2.4242424242424243,1.2424242424242424,1.7878787878787878,11.454545454545455,0
SeleniumHQ/selenium,33243,30,12.68,5.857142857142857,1.3820224719101124,32.73889780631354,47.35741037988229,0
seven332/EhViewer,9340,30,11.36,7.144758735440932,1.821963394342762,45.26289517470882,73.83028286189683,0
sherxon/AlgoDS,3432,0,8.76,1.3380281690140845,1.004225352112676,1.4112676056338027,29.883098591549295,0
shopizer-ecommerce/shopizer,3796,18,12.84,7.9367396593673964,1.6828872668288726,34.145174371451745,43.38118410381184,0
shuzheng/zheng,16729,0,8.96,4.49901768172888,1.4086444007858545,340.8565815324165,82.00785854616896,0
shuzijun/leetcode-editor,3902,30,6.51,6.32890365448505,1.7375415282392026,20.13621262458472,44.588039867109636,0
shwenzhang/AndResGuard,8625,4,9.95,3.4242424242424243,1.5,22.37878787878788,98.57575757575758,0
signalapp/Signal-Server,10077,0,11.79,9.126373626373626,1.4803767660910518,13.719780219780219,47.0392464678179,0
singwhatiwanna/dynamic-load-apk,6030,0,11.48,5.82258064516129,1.435483870967742,9.419354838709678,42.25806451612903,0
skylot/jadx,45532,30,12.51,4.457856399583767,1.6670135275754423,32.21782865071106,44.50398890045092,0
smuyyh/BookReader,6783,0,9.13,4.782546494992847,1.4377682403433476,25.32331902718169,44.22603719599428,0
Snailclimb/guide-rpc-framework,4287,0,5.36,4.621052631578947,1.2105263157894737,1.1894736842105262,24.273684210526316,0
Snailclimb/JavaGuide,151806,0,7.37,,,,,0
sockeqwe/mosby,5476,15,10.5,5.380664652567976,1.6117824773413898,9.637462235649547,25.88821752265861,0
socketio/socket.io-client-java,5405,7,12.4,1.9213973799126638,1.0960698689956332,4.253275109170306,24.624454148471617,0
sofastack/sofa-boot,5061,30,7.47,5.153259949195597,1.1981371718882303,17.818797629127857,27.798475867908554,0
sofastack/sofa-jraft,3746,30,6.55,6.228094575799722,1.4638386648122392,76.5048678720445,95.68497913769124,0
sofastack/sofa-rpc,3897,30,7.45,5.221204188481676,1.3219895287958114,24.512434554973822,47.40903141361257,0
software-mansion/react-native-svg,7837,30,9.68,6.545871559633028,2.646788990825688,87.93577981651376,60.0,0
SplashCodes/JAViewer,4604,10,9.34,5.787709497206704,1.5977653631284916,11.64804469273743,35.245810055865924,0
SPLWare/esProc,4669,0,3.86,6.574716981132076,2.1637735849056603,97.73735849056604,161.0588679245283,0
spotbugs/spotbugs,3740,30,8.88,3.2671726755218216,1.3857685009487666,25.773434535104364,41.20569259962049,0
spring-attic/spring-mvc-showcase,4986,0,14.3,5.172413793103448,1.206896551724138,9.448275862068966,22.086206896551722,0
spring-attic/spring-security-oauth,4703,0,14.16,6.064064064064064,1.6026026026026026,13.3993993993994,35.23923923923924,0
spring-cloud/spring-cloud-gateway,4740,30,8.84,6.902378999179655,1.3716160787530762,16.393765381460213,33.507793273174734,0
spring-cloud/spring-cloud-netflix,4933,24,11.2,7.208333333333333,1.2159090909090908,85.80681818181819,32.234848484848484,0
spring-io/initializr,3599,17,12.29,5.907859078590786,1.2669376693766938,33.733062330623305,43.052845528455286,0
spring-projects/spring-data-examples,5356,0,11.64,2.6212144040982372,1.0085882175681784,0.4661744764200693,7.704384511074281,0
spring-projects/spring-security,9301,30,13.7,7.707935560859188,1.264618138424821,10.510739856801909,40.64618138424821,0
springdoc/springdoc-openapi,3546,30,6.19,3.9317333333333333,1.3138666666666667,9.059733333333334,14.4768,0
springfox/springfox,5941,12,13.38,5.702464788732394,1.1205985915492958,23.252640845070424,28.27024647887324,0
springside/springside4,5684,3,13.58,3.165079365079365,1.276190476190476,24.784126984126985,40.768253968253966,0
sqshq/piggymetrics,13704,2,10.48,6.040404040404041,1.0606060606060606,3.8282828282828283,19.0,0
square/android-times-square,4437,0,12.64,4.553191489361702,1.2340425531914894,25.872340425531913,48.638297872340424,0
square/dagger,7301,0,13.14,3.1748768472906406,1.229064039408867,5.987684729064039,19.810344827586206,0
square/javapoet,10870,0,12.64,4.515151515151516,1.1515151515151516,129.2929292929293,76.1919191919192,0
square/otto,5145,0,13.24,2.4352941176470586,1.388235294117647,3.552941176470588,23.376470588235293,0
square/sqlbrite,4546,9,10.59,4.69811320754717,1.3584905660377358,4.30188679245283,31.40566037735849,0
sshahine/JFoenix,6342,0,10.04,6.92,1.6235294117647059,22.084705882352942,57.75529411764706,0
ssssssss-team/spider-flow,10933,2,5.48,5.385093167701863,1.7329192546583851,20.32919254658385,54.33540372670807,0
stanfordnlp/CoreNLP,9967,19,12.24,5.704529616724739,1.459233449477352,148.57862950058072,129.52357723577236,0
StarRocks/starrocks,10683,30,4.04,7.298623515813807,1.4769360092466113,135.4324892297993,77.23211095933593,0
stfalcon-studio/ChatKit,3715,1,8.63,5.768518518518518,2.8981481481481484,35.48148148148148,43.333333333333336,0
Stirling-Tools/Stirling-PDF,67539,30,2.64,8.208547008547008,1.2324786324786325,16.724786324786326,60.67008547008547,0
stleary/JSON-java,4660,24,14.75,3.1868131868131866,1.2197802197802199,365.72527472527474,134.52747252747253,0
strimzi/strimzi-kafka-operator,5379,30,9.38,11.283623693379791,1.4961672473867595,45.92264808362369,83.42369337979095,0
sunfusheng/MarqueeView,3792,0,9.31,5.409090909090909,1.3636363636363635,5.454545454545454,36.54545454545455,0
SuperMonster003/AutoJs6,4621,20,3.8,5.126131221719457,1.46210407239819,37.23359728506787,63.0197963800905,0
supertokens/supertokens-core,14525,30,5.71,9.738193018480493,1.5780287474332648,71.14373716632444,110.33778234086242,0
Suwayomi/Suwayomi-Server,5651,30,4.74,5.551470588235294,1.625,1509.5392156862745,100.4779411764706,0
swagger-api/swagger-core,7458,30,14.22,4.820460704607046,1.2262872628726287,49.71138211382114,28.742547425474253,0
syncthing/syncthing-android,3966,30,11.58,6.514084507042254,1.6901408450704225,9.049295774647888,59.32394366197183,0
tbruyelle/RxPermissions,10482,11,9.98,4.65,1.1,10.1,43.8,0
tchiotludo/akhq,3656,30,7.03,8.20327868852459,1.2918032786885245,29.009836065573772,56.95737704918033,0
Team-xManager/xManager,11861,30,4.61,2.017175572519084,1.0209923664122138,4.732824427480916,41.64503816793893,0
TeamAmaze/AmazeFileManager,5767,30,11.19,7.3047404063205414,1.4492099322799097,28.839729119638825,71.89841986455981,0
TeamNewPipe/NewPipe,35108,30,10.05,8.295221843003413,1.6450511945392492,43.29692832764505,70.93174061433447,0
tencentmusic/supersonic,4197,15,2.27,6.28169014084507,1.2904929577464788,46.083626760563384,40.81954225352113,0
Tencent/APIJSON,18200,30,8.83,5.885714285714286,1.2428571428571429,1165.5714285714287,197.77142857142857,0
Tencent/GT,4414,3,9.69,3.8714285714285714,1.302857142857143,13.67047619047619,53.01238095238095,0
Tencent/matrix,11905,16,6.78,4.506819813352477,1.2893036611629576,12.894472361809045,56.73510409188801,0
Tencent/QMUI_Android,14514,30,8.42,5.468105065666041,1.629455909943715,35.34240150093809,54.69887429643527,0
Tencent/Shadow,7641,5,6.27,4.244807121661721,1.78486646884273,17.33234421364985,32.5,0
Tencent/tinker,17560,30,9.04,4.7942307692307695,1.603846153846154,28.471153846153847,77.78461538461538,0
Tencent/VasSonic,11871,10,8.14,4.198198198198198,1.2792792792792793,21.61261261261261,66.85585585585585,0
termux/termux-app,45170,30,9.92,5.912772585669782,1.4299065420560748,60.82554517133956,76.51713395638629,0
testcontainers/testcontainers-java,8324,30,10.45,5.3478260869565215,1.4938684503901896,21.911928651059085,34.55629877369008,0
TGX-Android/Telegram-X,4655,5,4.09,9.469324090121317,1.4228769497400346,544.4280762564991,145.75979202772965,0
TheAlgorithms/Java,63411,0,9.18,2.0624584717607974,1.0438538205980066,7.9661129568106315,38.287707641196015,0
TheoKanning/openai-java,4788,22,5.01,5.387878787878788,1.084848484848485,15.55151515151515,16.866666666666667,0
theonedev/onedev,14330,30,6.87,5.838206627680312,1.4108187134502923,26.036184210526315,40.184819688109165,0
thingsboard/thingsboard,19729,30,8.81,,,,,0
thinkaurelius/titan,5241,0,13.57,5.864491844416562,1.3695106649937265,20.50564617314931,44.64429109159347,0
ThirtyDegreesRay/OpenHub,4280,30,8.19,6.7560975609756095,1.6326219512195121,32.92835365853659,37.422256097560975,0
tiann/epic,4517,5,8.33,3.228187919463087,1.6241610738255035,30.395973154362416,34.40939597315436,0
tianshiyeben/wgcloud,5011,29,6.68,6.0423728813559325,1.194915254237288,34.54237288135593,51.73728813559322,0
timehop/sticky-headers-recyclerview,3751,0,10.97,4.620689655172414,1.2758620689655173,3.2413793103448274,27.862068965517242,0
tink-crypto/tink,13553,21,11.29,7.6662116040955635,1.2887372013651877,30.075767918088737,56.08259385665529,0
TNG/ArchUnit,3494,30,8.42,3.6097494553376905,1.2753267973856208,39.49591503267974,21.820806100217865,0
TommyLemon/Android-ZBLibrary,5596,25,10.09,5.377358490566038,1.559748427672956,26.666666666666668,46.31132075471698,0
tonikelope/megabasterd,5194,30,8.98,2.7611940298507465,1.4875621890547264,85.72139303482587,102.85074626865672,0
TooTallNate/Java-WebSocket,10737,19,15.67,3.5555555555555554,1.8199233716475096,36.62068965517241,49.06130268199234,0
torakiki/pdfsam,3983,30,11.99,6.962382445141066,1.40282131661442,4.830721003134796,30.25862068965517,0
traccar/traccar,6463,30,13.44,5.5718247365501945,1.9229062673322241,5.927343316694398,37.49584026622296,0
traex/RippleEffect,4914,0,10.94,3.4210526315789473,1.368421052631579,23.157894736842106,26.526315789473685,0
trello-archive/RxLifecycle,7693,22,10.17,6.432098765432099,1.654320987654321,1.4074074074074074,29.234567901234566,0
Trinea/android-common,5014,1,13.26,4.4363636363636365,1.2454545454545454,43.06363636363636,60.972727272727276,0
tronprotocol/java-tron,3950,30,7.74,8.860774818401937,1.7590799031476998,80.76029055690073,91.1955205811138,0
tuguangquan/mybatis,4765,0,10.88,3.734359961501444,1.304138594802695,21.467757459095285,37.64966313763234,0
tyrantgit/ExplosionField,3591,0,10.0,4.9,1.5,4.3,34.3,0
uber/NullAway,3852,30,8.05,4.553633217993079,1.2197231833910034,52.1280276816609,40.84083044982699,0
uknownothingsnow/CircleProgress,3815,0,10.89,5.76,1.68,85.76,58.04,0
uknownothingsnow/JsBridge,9889,0,10.57,3.5,1.15625,17.09375,36.25,0
umano/AndroidSlidingUpPanel,9498,8,12.31,4.9411764705882355,1.3529411764705883,132.0,118.29411764705883,0
uncle-novel/uncle-novel,3616,1,6.78,7.289962825278811,1.657992565055762,10.41635687732342,63.1635687732342,0
undertow-io/undertow,3697,9,13.18,5.203673864002578,1.2417015791169836,36.59941991621012,52.20109571382533,0
VaughnVernon/IDDD_Samples,3886,0,12.45,4.7373271889400925,1.663594470046083,27.327188940092167,43.74039938556068,0
vavr-io/vavr,5976,19,11.64,8.206303724928366,1.2535816618911175,1070.4570200573066,96.98424068767908,0
Vedenin/useful-java-links,6060,0,9.6,2.3041825095057034,1.0228136882129277,1.832699619771863,22.688212927756656,0
vert-x3/vertx-examples,3583,0,10.57,5.339246119733924,1.8226164079822615,1.017738359201774,20.07760532150776,0
vespa-engine/vespa,6361,30,9.3,6.041117415975557,1.6158882584024443,37.91610650371017,52.151898734177216,0
vinc3m1/RoundedImageView,6424,19,12.58,8.4,1.8,107.46666666666667,84.33333333333333,0
vipshop/vjtools,7672,9,7.32,3.134564643799472,1.2770448548812665,26.30079155672823,48.50131926121372,0
vipulasri/Timeline-View,3884,15,9.77,9.0,1.5,453.5,209.0,0
wasabeef/Blurry,5662,0,10.16,5.142857142857143,1.0,0.6428571428571429,45.42857142857143,0
wasabeef/glide-transformations,9927,0,10.7,5.555555555555555,2.1481481481481484,2.7777777777777777,36.7037037037037,0
wasabeef/richeditor-android,6332,0,10.48,2.4186046511627906,1.1395348837209303,46.95348837209303,18.697674418604652,0
watabou/pixel-dungeon,3778,0,11.16,5.723480333730632,2.5446960667461265,12.423122765196663,46.034564958283674,0
water8394/flink-recommandSystem-demo,4426,0,6.35,3.727272727272727,1.077922077922078,6.402597402597403,23.83116883116883,0
wdullaer/MaterialDateTimePicker,4656,30,10.72,6.589041095890411,1.4657534246575343,127.63013698630137,103.23287671232876,0
weibocom/motan,5898,28,9.42,5.941943127962086,1.4348341232227488,32.71800947867298,55.56990521327014,0
WeiYe-Jing/datax-web,5892,5,5.84,5.041009463722397,1.38801261829653,13.239747634069401,43.53627760252366,0
wendux/DSBridge-Android,3857,2,8.72,2.978723404255319,1.1063829787234043,15.97872340425532,39.170212765957444,0
wequick/Small,5049,25,9.82,3.8,1.4756756756756757,20.167567567567566,41.76216216216216,0
wildfirechat/im-server,8304,30,6.66,6.406712734452122,1.541954590325765,111.72063178677196,156.36821322803553,0
williamfiset/Algorithms,18227,0,8.51,2.611231101511879,1.0539956803455723,16.19654427645788,70.18358531317494,0
willowtreeapps/spruce-android,3718,3,8.57,4.860655737704918,1.3688524590163935,5.352459016393443,34.99180327868852,0
winterbe/java8-tutorial,16777,0,11.52,1.0340909090909092,1.0,3.909090909090909,23.647727272727273,0
WinterChenS/my-site,3426,0,7.39,6.188888888888889,1.1888888888888889,35.022222222222226,38.84444444444444,0
wiremock/wiremock,6983,30,13.95,5.751347190146267,1.3702848344880678,74.05157813702849,40.52424942263279,0
woxingxiao/BubbleSeekBar,3423,12,8.88,4.9,1.3,91.7,65.26666666666667,0
wuhaoyu1990/MagicCamera,5491,0,9.7,3.5454545454545454,1.46875,7.630681818181818,41.31534090909091,0
wuyouzhuguli/SpringAll,28958,0,7.39,5.243386243386244,1.1111111111111112,3.748677248677249,15.965608465608465,0
WVector/AppUpdate,3580,3,8.26,4.4375,1.15625,37.140625,45.703125,0
wxiaoqi/Spring-Cloud-Platform,6434,3,8.33,4.790960451977401,1.4067796610169492,57.64971751412429,33.9774011299435,0
wyouflf/xUtils3,5967,9,9.9,5.224770642201835,1.408256880733945,27.44954128440367,57.61926605504587,0
xcc3641/SeeWeather,3426,2,9.59,4.867924528301887,1.5377358490566038,6.122641509433962,29.254716981132077,0
xcltapestry/XCL-Charts,4020,0,11.28,7.740061162079511,2.1773700305810397,49.042813455657495,71.55045871559633,0
xiaojieonly/Ehviewer_CN_SXJ,19742,30,4.86,6.876923076923077,1.7164835164835164,68.42197802197802,82.02857142857142,0
ximsfei/Android-skin-support,6504,0,8.69,6.079012345679012,1.3925925925925926,17.671604938271606,47.84444444444444,0
xkcoding/spring-boot-demo,33912,0,7.86,5.051867219917012,1.1307053941908713,2.3215767634854774,14.860995850622407,0
xpipe-io/xpipe,11642,30,2.65,6.946657663740716,1.574611748818366,18.833896016205266,41.53274814314652,0
XRecyclerView/XRecyclerView,5319,0,9.84,3.9096385542168677,1.4216867469879517,9.042168674698795,31.03012048192771,0
xuchengsheng/spring-reading,9712,0,2.01,2.8137931034482757,1.0275862068965518,0.5413793103448276,10.613793103448275,0
xuexiangjys/XUI,5043,23,6.7,5.733252866626433,1.6590223295111648,52.71031985515993,54.95835847917924,0
xuxueli/xxl-job,29334,30,9.82,4.777777777777778,1.128654970760234,20.426900584795323,51.77777777777778,0
xxv/android-lifecycle,5271,0,11.43,7.0,1.6666666666666667,151.66666666666666,80.16666666666667,0
yacy/yacy_search_server,3676,0,10.5,5.584214235377026,1.3847780126849893,43.312191684284706,109.01057082452431,0
Yalantis/Phoenix,3999,1,10.69,4.333333333333333,1.6666666666666667,7.541666666666667,40.666666666666664,0
Yalantis/Side-Menu.Android,5240,2,10.69,3.888888888888889,1.2222222222222223,4.111111111111111,24.944444444444443,0
Yalantis/uCrop,12043,20,9.71,6.337662337662338,1.3636363636363635,28.90909090909091,61.12987012987013,0
yangfuhai/ASimpleCache,3675,0,12.15,4.448275862068965,1.4482758620689655,38.51724137931034,68.72413793103448,0
yanzhenjie/AndPermission,6644,0,9.03,3.994047619047619,1.1666666666666667,7.488095238095238,26.702380952380953,0
yanzhenjie/AndServer,3820,1,9.27,5.0233644859813085,1.5420560747663552,48.05140186915888,56.21028037383178,0
yanzhenjie/NoHttp,3702,0,10.15,4.456140350877193,1.5,45.64912280701754,36.96491228070175,0
yanzhenjie/SwipeRecyclerView,5705,0,9.13,4.847272727272728,1.3890909090909092,26.94181818181818,40.32727272727273,0
yarolegovich/DiscreteScrollView,5788,2,8.55,4.228571428571429,1.2476190476190476,19.114285714285714,35.21904761904762,0
yasserg/crawler4j,4604,3,13.73,5.27710843373494,1.3132530120481927,55.89156626506024,57.06024096385542,0
ybq/Android-SpinKit,8663,0,9.51,4.816901408450704,3.1690140845070425,21.52112676056338,25.52112676056338,0
yhaolpz/FloatWindow,4197,9,7.85,3.772727272727273,1.2727272727272727,9.727272727272727,33.47727272727273,0
yipianfengye/android-zxingLibrary,5013,0,9.16,4.711538461538462,1.3269230769230769,5.634615384615385,38.80769230769231,0
yixia/VitamioBundle,5268,0,12.93,4.9504950495049505,1.316831683168317,75.06930693069307,64.36633663366337,0
YoKeyword/Fragmentation,9725,30,9.58,5.232394366197183,1.7077464788732395,15.116197183098592,31.62323943661972,0
youlookwhat/CloudReader,4993,26,8.84,4.747967479674797,1.4552845528455285,19.41260162601626,39.416666666666664,0
youlookwhat/DesignPattern,5023,0,8.92,2.5380710659898478,1.2791878172588833,1.4263959390862944,13.213197969543147,0
youth5201314/banner,13033,0,9.42,6.082191780821918,1.8356164383561644,47.68493150684932,37.31506849315068,0
youtube/api-samples,5808,0,11.78,6.404761904761905,1.0,4.380952380952381,60.5,0
yuanguangxin/LeetCode,7469,0,5.69,1.2413793103448276,1.0,0.8413793103448276,23.73103448275862,0
yuliskov/SmartTube,24526,30,5.15,6.6526479750778815,1.5538940809968846,65.95794392523365,74.17507788161994,0
YunaiV/ruoyi-vue-pro,33296,30,4.65,7.896211312700107,1.224119530416222,16.288153681963713,24.931430096051226,0
YunaiV/yudao-cloud,17868,30,6.39,7.84704641350211,1.212289029535865,16.077267932489452,24.182753164556964,0
zaproxy/zaproxy,14117,17,10.3,4.7415774871185095,1.910820451843044,69.65200158541418,72.57471264367815,0
ZCShou/GoGoGo,8520,8,3.8,7.25,1.4583333333333333,12.875,79.4375,0
zendesk/maxwell,4186,30,10.61,6.108974358974359,1.6217948717948718,32.13782051282051,56.907051282051285,0
zfdang/Android-Touch-Helper,5260,30,4.93,4.127272727272727,1.1818181818181819,1.9454545454545455,41.03636363636364,0
zfile-dev/zfile,10395,30,6.09,7.009661835748792,1.5048309178743962,9.454106280193237,29.915458937198068,0
zhanghai/Douya,4558,11,9.64,5.603697749196141,1.6254019292604502,28.39790996784566,35.886655948553056,0
zhanglei-workspace/shopping-management-system,5098,0,9.85,3.515463917525773,1.3608247422680413,76.3298969072165,55.18556701030928,0
ZHENFENG13/My-Blog,3818,0,6.55,4.758620689655173,1.0517241379310345,29.551724137931036,41.56896551724138,0
ZHENFENG13/spring-boot-projects,5637,0,8.47,4.327102803738318,1.074766355140187,9.074766355140186,24.35514018691589,0
zhihu/Matisse,12567,15,8.44,6.657894736842105,1.394736842105263,8.078947368421053,44.973684210526315,0
zhisheng17/flink-learning,14932,0,6.72,4.280405405405405,1.1300675675675675,3.300675675675676,24.41554054054054,0
zhkl0228/unidbg,4533,15,6.57,5.254936120789779,1.6074332171893146,26.63124274099884,52.61149825783972,0
ZhongFuCheng3y/austin,5891,0,3.87,6.2298850574712645,1.1235632183908046,1.4511494252873562,18.78735632183908,0
zhpanvip/BannerViewPager,3750,30,8.48,5.410958904109589,1.4109589041095891,47.821917808219176,43.205479452054796,0
zlt2000/microservices-platform,4703,30,6.54,6.356125356125356,1.2507122507122508,6.435897435897436,21.837606837606838,0
zo0r/react-native-push-notification,6787,30,9.77,6.310344827586207,1.2413793103448276,15.482758620689655,64.96551724137932,0
zongzibinbin/MallChat,4492,0,2.51,6.236486486486487,1.2027027027027026,4.4391891891891895,20.855855855855857,0
zouzg/mybatis-generator-gui,6710,16,9.37,7.17948717948718,1.4871794871794872,69.94871794871794,78.12820512820512,0
zq2599/blog_demos,4715,0,8.45,3.9950522264980757,1.1984606926882904,15.14238592633315,28.579989004947773,0
zxing/zxing,33595,30,13.95,4.984873949579832,1.66218487394958,22.968067226890756,67.27563025210084,0
zzhoujay/RichText,3961,0,10.17,4.2727272727272725,1.446969696969697,10.545454545454545,39.28030303030303,0
